Date,USD_Index
1/2/2006,101.4155
1/3/2006,100.7558
1/4/2006,100.2288
1/5/2006,100.2992
1/6/2006,100.0241
1/9/2006,100.1794
1/10/2006,100.1436
1/11/2006,99.871
1/12/2006,100.0643
1/13/2006,99.9675
1/16/2006,99.9715
1/17/2006,100.2447
1/18/2006,100.4085
1/19/2006,100.1862
1/20/2006,99.9017
1/23/2006,99.3783
1/24/2006,99.3434
1/25/2006,99.348
1/26/2006,99.4798
1/27/2006,99.6433
1/30/2006,99.7144
1/31/2006,99.4311
2/1/2006,99.6132
2/2/2006,99.7916
2/3/2006,100.118
2/6/2006,100.1372
2/7/2006,100.1759
2/8/2006,100.4879
2/9/2006,100.2117
2/10/2006,100.322
2/13/2006,100.3955
2/14/2006,100.3987
2/15/2006,100.4489
2/16/2006,100.5183
2/17/2006,100.3404
2/20/2006,100.3447
2/21/2006,100.2346
2/22/2006,100.3879
2/23/2006,100.1956
2/24/2006,100.2594
2/27/2006,100.0724
2/28/2006,99.7695
3/1/2006,99.8355
3/2/2006,99.5969
3/3/2006,99.7024
3/6/2006,99.9834
3/7/2006,100.564
3/8/2006,100.8565
3/9/2006,100.7718
3/10/2006,100.9566
3/13/2006,100.8563
3/14/2006,100.312
3/15/2006,100.2121
3/16/2006,99.9049
3/17/2006,99.8614
3/20/2006,100.0491
3/21/2006,100.4716
3/22/2006,100.496
3/23/2006,100.8256
3/24/2006,100.7773
3/27/2006,100.8359
3/28/2006,100.7995
3/29/2006,101.0474
3/30/2006,100.5698
3/31/2006,100.56
4/3/2006,100.6204
4/4/2006,100.1319
4/5/2006,100.0792
4/6/2006,100.1578
4/7/2006,100.4187
4/10/2006,100.4091
4/11/2006,100.2903
4/12/2006,100.3589
4/13/2006,100.4759
4/14/2006,100.4697
4/17/2006,99.8719
4/18/2006,99.6747
4/19/2006,99.3467
4/20/2006,99.4974
4/21/2006,99.4345
4/24/2006,99.117
4/25/2006,98.9687
4/26/2006,98.8907
4/27/2006,98.5149
4/28/2006,98.1412
5/1/2006,97.9085
5/2/2006,97.6571
5/3/2006,97.5572
5/4/2006,97.4878
5/5/2006,97.2585
5/8/2006,97.1945
5/9/2006,96.9578
5/10/2006,96.6391
5/11/2006,96.5383
5/12/2006,96.8788
5/15/2006,97.3588
5/16/2006,97.1959
5/17/2006,97.4725
5/18/2006,97.7033
5/19/2006,97.933
5/22/2006,97.9377
5/23/2006,97.7045
5/24/2006,98.3936
5/25/2006,97.8423
5/26/2006,97.8995
5/29/2006,97.8936
5/30/2006,97.588
5/31/2006,97.7705
6/1/2006,97.7726
6/2/2006,97.5544
6/5/2006,97.3681
6/6/2006,98.1449
6/7/2006,98.1641
6/8/2006,98.9313
6/9/2006,98.5471
6/12/2006,98.5494
6/13/2006,98.9201
6/14/2006,98.8338
6/15/2006,98.8846
6/16/2006,98.9127
6/19/2006,99.145
6/20/2006,99.0117
6/21/2006,98.5544
6/22/2006,99.0856
6/23/2006,99.4216
6/26/2006,99.3634
6/27/2006,99.219
6/28/2006,99.392
6/29/2006,99.2158
6/30/2006,98.2483
7/3/2006,98.0371
7/4/2006,98.0221
7/5/2006,98.308
7/6/2006,98.138
7/7/2006,97.7508
7/10/2006,97.9813
7/11/2006,98.2132
7/12/2006,98.5202
7/13/2006,98.5583
7/14/2006,98.6814
7/17/2006,99.0767
7/18/2006,99.1341
7/19/2006,98.9262
7/20/2006,98.6014
7/21/2006,98.5221
7/24/2006,98.7795
7/25/2006,98.9388
7/26/2006,98.742
7/27/2006,98.2283
7/28/2006,98.0539
7/31/2006,97.9996
8/1/2006,98.1715
8/2/2006,97.9432
8/3/2006,98.0694
8/4/2006,97.6005
8/7/2006,97.5088
8/8/2006,97.6524
8/9/2006,97.4402
8/10/2006,97.8887
8/11/2006,97.7863
8/14/2006,97.9677
8/15/2006,97.8043
8/16/2006,97.3894
8/17/2006,97.3486
8/18/2006,97.7577
8/21/2006,97.3856
8/22/2006,97.6079
8/23/2006,97.5731
8/24/2006,97.7939
8/25/2006,97.8827
8/28/2006,97.8467
8/29/2006,97.7748
8/30/2006,97.5792
8/31/2006,97.644
9/1/2006,97.5084
9/4/2006,97.4981
9/5/2006,97.4392
9/6/2006,97.6087
9/7/2006,97.8108
9/8/2006,98.2119
9/11/2006,98.3845
9/12/2006,98.2781
9/13/2006,98.1775
9/14/2006,98.0088
9/15/2006,98.2104
9/18/2006,98.1332
9/19/2006,98.1703
9/20/2006,98.1556
9/21/2006,97.9458
9/22/2006,97.8667
9/25/2006,97.9909
9/26/2006,98.0555
9/27/2006,98.0107
9/28/2006,98.0381
9/29/2006,98.1054
10/2/2006,97.9247
10/3/2006,98.1267
10/4/2006,98.3682
10/5/2006,98.2776
10/6/2006,98.5619
10/9/2006,98.5702
10/10/2006,98.9125
10/11/2006,98.9146
10/12/2006,98.831
10/13/2006,98.8002
10/16/2006,98.71
10/17/2006,98.5354
10/18/2006,98.6164
10/19/2006,98.2897
10/20/2006,98.1629
10/23/2006,98.4483
10/24/2006,98.349
10/25/2006,98.2057
10/26/2006,97.8907
10/27/2006,97.4914
10/30/2006,97.5672
10/31/2006,97.3901
11/1/2006,97.4949
11/2/2006,97.6556
11/3/2006,97.7209
11/6/2006,97.806
11/7/2006,97.4453
11/8/2006,97.58
11/9/2006,97.5041
11/10/2006,97.4638
11/13/2006,97.7904
11/14/2006,97.7475
11/15/2006,97.8359
11/16/2006,97.8098
11/17/2006,97.9855
11/20/2006,98.0254
11/21/2006,98.0215
11/22/2006,97.5315
11/23/2006,97.5314
11/24/2006,97.0657
11/27/2006,96.9986
11/28/2006,96.8428
11/29/2006,96.8577
11/30/2006,96.5779
12/1/2006,96.4585
12/4/2006,96.4319
12/5/2006,96.2082
12/6/2006,96.2839
12/7/2006,96.3207
12/8/2006,96.6123
12/11/2006,96.6646
12/12/2006,96.7119
12/13/2006,96.7296
12/14/2006,96.7946
12/15/2006,96.9857
12/18/2006,97.1559
12/19/2006,96.9313
12/20/2006,96.7762
12/21/2006,96.9148
12/22/2006,97.1113
12/25/2006,97.1221
12/26/2006,97.1786
12/27/2006,97.2076
12/28/2006,97.0656
12/29/2006,97.0312
1/1/2007,97.0323
1/2/2007,
1/3/2007,97.1281
1/4/2007,97.5251
1/5/2007,97.7801
1/8/2007,97.788
1/9/2007,97.9642
1/10/2007,98.0943
1/11/2007,98.0845
1/12/2007,97.921
1/15/2007,97.9201
1/16/2007,97.9816
1/17/2007,97.7509
1/18/2007,97.8286
1/19/2007,97.6868
1/22/2007,97.827
1/23/2007,97.8117
1/24/2007,97.908
1/25/2007,97.8396
1/26/2007,98.1491
1/29/2007,98.2066
1/30/2007,98.1515
1/31/2007,97.964
2/1/2007,97.7101
2/2/2007,97.9743
2/5/2007,97.87
2/6/2007,97.7357
2/7/2007,97.7239
2/8/2007,97.8169
2/9/2007,97.7076
2/12/2007,97.9409
2/13/2007,97.7063
2/14/2007,97.2779
2/15/2007,97.1588
2/16/2007,97.164
2/19/2007,97.1545
2/20/2007,97.321
2/21/2007,97.27
2/22/2007,97.266
2/23/2007,97.1756
2/26/2007,97.2281
2/27/2007,97.0883
2/28/2007,97.2386
3/1/2007,97.3358
3/2/2007,97.3691
3/5/2007,97.6716
3/6/2007,97.5123
3/7/2007,97.4558
3/8/2007,97.5731
3/9/2007,97.4559
3/12/2007,97.3013
3/13/2007,97.2203
3/14/2007,97.2759
3/15/2007,97.2476
3/16/2007,97.0407
3/19/2007,97.1062
3/20/2007,96.7985
3/21/2007,96.6195
3/22/2007,96.3893
3/23/2007,96.5662
3/26/2007,96.5493
3/27/2007,96.4558
3/28/2007,96.4894
3/29/2007,96.5067
3/30/2007,96.3183
4/2/2007,96.3175
4/3/2007,96.3774
4/4/2007,96.3646
4/5/2007,96.1188
4/6/2007,96.2526
4/9/2007,96.293
4/10/2007,96.1179
4/11/2007,96.0293
4/12/2007,95.7999
4/13/2007,95.711
4/16/2007,95.5538
4/17/2007,95.3832
4/18/2007,95.3109
4/19/2007,95.2712
4/20/2007,95.1692
4/23/2007,95.1833
4/24/2007,95.1608
4/25/2007,94.8497
4/26/2007,95.1653
4/27/2007,95.0103
4/30/2007,94.8365
5/1/2007,95.0037
5/2/2007,95.0352
5/3/2007,95.0167
5/4/2007,94.9118
5/7/2007,94.6914
5/8/2007,94.8648
5/9/2007,94.7933
5/10/2007,94.9506
5/11/2007,95.0035
5/14/2007,94.8267
5/15/2007,94.5574
5/16/2007,94.8143
5/17/2007,94.8339
5/18/2007,94.6573
5/21/2007,94.7026
5/22/2007,94.5753
5/23/2007,94.4557
5/24/2007,94.7025
5/25/2007,94.5022
5/28/2007,94.4959
5/29/2007,94.3533
5/30/2007,94.549
5/31/2007,94.3215
6/1/2007,94.132
6/4/2007,93.9969
6/5/2007,93.9986
6/6/2007,94.1217
6/7/2007,94.3537
6/8/2007,94.7599
6/11/2007,94.6576
6/12/2007,94.6991
6/13/2007,94.9011
6/14/2007,94.9029
6/15/2007,94.6228
6/18/2007,94.5475
6/19/2007,94.3227
6/20/2007,94.3618
6/21/2007,94.6073
6/22/2007,94.4371
6/25/2007,94.5105
6/26/2007,94.4678
6/27/2007,94.5633
6/28/2007,94.2395
6/29/2007,94.1393
7/2/2007,93.634
7/3/2007,93.697
7/4/2007,93.6965
7/5/2007,93.7653
7/6/2007,93.5759
7/9/2007,93.5519
7/10/2007,93.3339
7/11/2007,93.3089
7/12/2007,93.1198
7/13/2007,93.0133
7/16/2007,92.9094
7/17/2007,92.9095
7/18/2007,92.7959
7/19/2007,92.7332
7/20/2007,92.7179
7/23/2007,92.6585
7/24/2007,92.505
7/25/2007,92.9189
7/26/2007,93.1186
7/27/2007,93.5485
7/30/2007,93.5918
7/31/2007,93.4264
8/1/2007,93.4011
8/2/2007,93.3038
8/3/2007,93.1039
8/6/2007,93.1112
8/7/2007,93.3171
8/8/2007,93.0989
8/9/2007,93.441
8/10/2007,93.5214
8/13/2007,93.6032
8/14/2007,94.0416
8/15/2007,94.5014
8/16/2007,94.9055
8/17/2007,94.319
8/20/2007,94.2138
8/21/2007,94.2676
8/22/2007,94.0998
8/23/2007,93.9827
8/24/2007,93.6863
8/27/2007,93.6109
8/28/2007,93.8394
8/29/2007,93.7174
8/30/2007,93.7324
8/31/2007,93.6674
9/3/2007,93.6691
9/4/2007,93.6433
9/5/2007,93.5453
9/6/2007,93.4468
9/7/2007,93.2939
9/10/2007,93.2349
9/11/2007,92.9244
9/12/2007,92.6386
9/13/2007,92.6172
9/14/2007,92.7083
9/17/2007,92.823
9/18/2007,92.6584
9/19/2007,92.1534
9/20/2007,91.4212
9/21/2007,91.4854
9/24/2007,91.4017
9/25/2007,91.3392
9/26/2007,91.4335
9/27/2007,91.3497
9/28/2007,90.9446
10/1/2007,90.8801
10/2/2007,91.12
10/3/2007,91.1038
10/4/2007,91.1632
10/5/2007,90.7393
10/8/2007,90.748
10/9/2007,90.8609
10/10/2007,90.7154
10/11/2007,90.4901
10/12/2007,90.5945
10/15/2007,90.5387
10/16/2007,90.7123
10/17/2007,90.515
10/18/2007,90.3084
10/19/2007,90.1014
10/22/2007,90.6777
10/23/2007,90.1899
10/24/2007,90.2262
10/25/2007,89.9925
10/26/2007,89.6508
10/29/2007,89.4118
10/30/2007,89.3252
10/31/2007,89.1389
11/1/2007,89.1628
11/2/2007,88.8924
11/5/2007,88.8851
11/6/2007,88.4938
11/7/2007,88.0631
11/8/2007,88.2631
11/9/2007,88.4615
11/12/2007,88.465
11/13/2007,89.1016
11/14/2007,88.9671
11/15/2007,89.4413
11/16/2007,89.3182
11/19/2007,89.5262
11/20/2007,89.2622
11/21/2007,89.3352
11/22/2007,89.3269
11/23/2007,89.2384
11/26/2007,89.145
11/27/2007,89.4082
11/28/2007,89.4195
11/29/2007,89.3681
11/30/2007,89.6212
12/3/2007,89.6403
12/4/2007,89.6672
12/5/2007,89.8751
12/6/2007,89.9268
12/7/2007,89.74
12/10/2007,89.6811
12/11/2007,89.7176
12/12/2007,89.7349
12/13/2007,90.1374
12/14/2007,90.4345
12/17/2007,90.5363
12/18/2007,90.5602
12/19/2007,90.6147
12/20/2007,90.4695
12/21/2007,90.3672
12/24/2007,90.1788
12/25/2007,90.1786
12/26/2007,89.9226
12/27/2007,89.684
12/28/2007,89.4069
12/31/2007,89.6304
1/1/2008,89.6297
1/2/2008,89.3514
1/3/2008,89.231
1/4/2008,89.2467
1/7/2008,89.5718
1/8/2008,89.3398
1/9/2008,89.6807
1/10/2008,89.6226
1/11/2008,89.5215
1/14/2008,89.2749
1/15/2008,89.1555
1/16/2008,89.6701
1/17/2008,89.6484
1/18/2008,89.8993
1/21/2008,89.9265
1/22/2008,89.84
1/23/2008,89.9138
1/24/2008,89.203
1/25/2008,89.2184
1/28/2008,88.9555
1/29/2008,88.8342
1/30/2008,88.7442
1/31/2008,88.6547
2/1/2008,88.4824
2/4/2008,88.4788
2/5/2008,89.076
2/6/2008,88.9987
2/7/2008,89.4221
2/8/2008,89.2226
2/11/2008,89.2149
2/12/2008,88.9539
2/13/2008,89.1382
2/14/2008,88.9055
2/15/2008,88.9006
2/18/2008,88.9004
2/19/2008,88.9626
2/20/2008,89.2572
2/21/2008,88.716
2/22/2008,88.7082
2/25/2008,88.5373
2/26/2008,88.0998
2/27/2008,87.3353
2/28/2008,87.0363
2/29/2008,87.1654
3/3/2008,87.2381
3/4/2008,87.3039
3/5/2008,87.1347
3/6/2008,86.9105
3/7/2008,87.1258
3/10/2008,87.1452
3/11/2008,87.1763
3/12/2008,86.728
3/13/2008,86.3891
3/14/2008,86.4301
3/17/2008,86.3417
3/18/2008,86.1191
3/19/2008,86.5755
3/20/2008,87.3293
3/21/2008,87.2111
3/24/2008,87.3103
3/25/2008,86.8339
3/26/2008,86.5513
3/27/2008,86.4583
3/28/2008,86.6369
3/31/2008,86.6881
4/1/2008,87.0276
4/2/2008,86.8886
4/3/2008,86.6424
4/4/2008,86.5108
4/7/2008,86.603
4/8/2008,86.7369
4/9/2008,86.5764
4/10/2008,86.5131
4/11/2008,86.5029
4/14/2008,86.3492
4/15/2008,86.4705
4/16/2008,85.9037
4/17/2008,86.1077
4/18/2008,86.5277
4/21/2008,86.2979
4/22/2008,85.927
4/23/2008,86.3841
4/24/2008,86.7154
4/25/2008,86.8337
4/28/2008,86.7635
4/29/2008,86.873
4/30/2008,86.8907
5/1/2008,87.1347
5/2/2008,87.2311
5/5/2008,87.0636
5/6/2008,86.847
5/7/2008,87.3421
5/8/2008,87.4575
5/9/2008,87.2528
5/12/2008,87.0403
5/13/2008,87.1332
5/14/2008,87.3659
5/15/2008,87.1823
5/16/2008,86.7855
5/19/2008,86.8225
5/20/2008,86.5627
5/21/2008,86.1595
5/22/2008,86.3223
5/23/2008,86.1922
5/26/2008,86.19
5/27/2008,86.4459
5/28/2008,86.4951
5/29/2008,86.5616
5/30/2008,86.5504
6/2/2008,86.6321
6/3/2008,86.8359
6/4/2008,87.0999
6/5/2008,87.0968
6/6/2008,86.8028
6/9/2008,86.9096
6/10/2008,87.4705
6/11/2008,87.2059
6/12/2008,87.6187
6/13/2008,87.7622
6/16/2008,87.3911
6/17/2008,87.2103
6/18/2008,87.1872
6/19/2008,87.0815
6/20/2008,86.9036
6/23/2008,87.2163
6/24/2008,86.9666
6/25/2008,87.0535
6/26/2008,86.6793
6/27/2008,86.643
6/30/2008,86.7621
7/1/2008,86.8447
7/2/2008,86.4782
7/3/2008,86.8843
7/4/2008,86.8781
7/7/2008,86.9617
7/8/2008,86.9778
7/9/2008,86.5335
7/10/2008,86.5122
7/11/2008,86.221
7/14/2008,86.1079
7/15/2008,85.8731
7/16/2008,85.9285
7/17/2008,85.9387
7/18/2008,86.0735
7/21/2008,86.0151
7/22/2008,86.1909
7/23/2008,86.2664
7/24/2008,86.4017
7/25/2008,86.3916
7/28/2008,86.4666
7/29/2008,86.8175
7/30/2008,86.8167
7/31/2008,86.8567
8/1/2008,86.8257
8/4/2008,87.0611
8/5/2008,87.3281
8/6/2008,87.6004
8/7/2008,87.8732
8/8/2008,88.8939
8/11/2008,89.035
8/12/2008,89.1916
8/13/2008,89.3211
8/14/2008,89.3675
8/15/2008,89.7244
8/18/2008,89.5966
8/19/2008,89.6465
8/20/2008,89.6977
8/21/2008,88.9128
8/22/2008,89.2381
8/25/2008,89.3094
8/26/2008,89.7007
8/27/2008,89.6419
8/28/2008,89.8225
8/29/2008,90.0567
9/1/2008,90.08
9/2/2008,90.8438
9/3/2008,90.8286
9/4/2008,91.1621
9/5/2008,91.341
9/8/2008,91.663
9/9/2008,91.5779
9/10/2008,92.1283
9/11/2008,92.4901
9/12/2008,91.4706
9/15/2008,91.757
9/16/2008,92.0594
9/17/2008,92.0982
9/18/2008,91.7111
9/19/2008,91.0014
9/22/2008,90.1119
9/23/2008,90.1221
9/24/2008,90.4602
9/25/2008,90.4651
9/26/2008,90.6872
9/29/2008,91.3961
9/30/2008,92.3773
10/1/2008,92.511
10/2/2008,93.3792
10/3/2008,93.5414
10/6/2008,95.1629
10/7/2008,95.4889
10/8/2008,96.9684
10/9/2008,96.5143
10/10/2008,97.999
10/13/2008,97.9686
10/14/2008,96.2544
10/15/2008,97.2045
10/16/2008,98.368
10/17/2008,97.7255
10/20/2008,98.1605
10/21/2008,99.4242
10/22/2008,101.2131
10/23/2008,101.1071
10/24/2008,101.8442
10/27/2008,102.3415
10/28/2008,102.4236
10/29/2008,100.0967
10/30/2008,99.4568
10/31/2008,99.7662
11/3/2008,99.4345
11/4/2008,97.9957
11/5/2008,98.0953
11/6/2008,99.5364
11/7/2008,99.3944
11/10/2008,99.5897
11/11/2008,99.6041
11/12/2008,101.1947
11/13/2008,101.774
11/14/2008,100.9705
11/17/2008,101.1029
11/18/2008,101.3965
11/19/2008,101.8804
11/20/2008,103.2737
11/21/2008,103.6289
11/24/2008,101.502
11/25/2008,100.7997
11/26/2008,101.2566
11/27/2008,101.2564
11/28/2008,101.6468
12/1/2008,102.1744
12/2/2008,101.9891
12/3/2008,102.4251
12/4/2008,102.0715
12/5/2008,103.4902
12/8/2008,101.7227
12/9/2008,101.7346
12/10/2008,101.2913
12/11/2008,99.5101
12/12/2008,100.319
12/15/2008,99.1001
12/16/2008,98.4771
12/17/2008,96.8227
12/18/2008,96.8447
12/19/2008,98.1278
12/22/2008,98.1643
12/23/2008,98.2698
12/24/2008,98.2249
12/25/2008,98.2419
12/26/2008,98.2594
12/29/2008,97.9359
12/30/2008,98.3833
12/31/2008,98.6518
1/1/2009,
1/2/2009,98.6008
1/5/2009,98.9195
1/6/2009,98.7871
1/7/2009,98.089
1/8/2009,98.3223
1/9/2009,98.8752
1/12/2009,99.6022
1/13/2009,100.3597
1/14/2009,100.7546
1/15/2009,101.4653
1/16/2009,100.711
1/19/2009,
1/20/2009,
1/21/2009,102.1007
1/22/2009,101.8432
1/23/2009,102.1096
1/26/2009,100.9764
1/27/2009,101.1702
1/28/2009,100.5461
1/29/2009,101.3398
1/30/2009,102.1169
2/2/2009,102.5067
2/3/2009,101.8506
2/4/2009,101.9056
2/5/2009,101.9517
2/6/2009,101.7455
2/9/2009,100.9637
2/10/2009,101.7094
2/11/2009,102.24
2/12/2009,102.598
2/13/2009,102.2958
2/16/2009,
2/17/2009,103.7625
2/18/2009,104.0385
2/19/2009,103.7656
2/20/2009,104.0244
2/23/2009,103.7416
2/24/2009,103.9829
2/25/2009,104.3086
2/26/2009,104.1813
2/27/2009,104.9284
3/2/2009,105.9617
3/3/2009,106.0249
3/4/2009,105.4558
3/5/2009,105.8064
3/6/2009,105.3937
3/9/2009,106.0182
3/10/2009,105.1153
3/11/2009,104.8499
3/12/2009,104.89
3/13/2009,104.1106
3/16/2009,103.2005
3/17/2009,103.2305
3/18/2009,103.0005
3/19/2009,100.3951
3/20/2009,101.0581
3/23/2009,101.103
3/24/2009,101.0319
3/25/2009,100.9674
3/26/2009,101.097
3/27/2009,101.8388
3/30/2009,102.749
3/31/2009,102.3761
4/1/2009,102.1252
4/2/2009,100.8733
4/3/2009,100.6429
4/6/2009,100.9428
4/7/2009,100.9808
4/8/2009,100.8948
4/9/2009,100.7988
4/10/2009,100.7597
4/13/2009,100.1369
4/14/2009,99.9097
4/15/2009,100.1497
4/16/2009,100.0517
4/17/2009,100.5719
4/20/2009,101.448
4/21/2009,101.1794
4/22/2009,101.1142
4/23/2009,101.0065
4/24/2009,100.0244
4/27/2009,100.7258
4/28/2009,101.3145
4/29/2009,100.0009
4/30/2009,100.1042
5/1/2009,100.0057
5/4/2009,99.134
5/5/2009,98.8529
5/6/2009,98.9044
5/7/2009,98.552
5/8/2009,98.1269
5/11/2009,97.747
5/12/2009,97.8269
5/13/2009,98.0276
5/14/2009,98.1271
5/15/2009,98.1063
5/18/2009,97.9412
5/19/2009,97.2827
5/20/2009,96.5707
5/21/2009,96.6039
5/22/2009,95.8788
5/25/2009,
5/26/2009,95.988
5/27/2009,95.9622
5/28/2009,96.1313
5/29/2009,95.268
6/1/2009,94.8107
6/2/2009,94.6556
6/3/2009,95.0751
6/4/2009,95.2922
6/5/2009,96.0412
6/8/2009,96.6548
6/9/2009,95.9537
6/10/2009,96.1277
6/11/2009,95.4993
6/12/2009,95.836
6/15/2009,96.7519
6/16/2009,96.2616
6/17/2009,96.64
6/18/2009,96.1482
6/19/2009,96.0325
6/22/2009,96.8818
6/23/2009,96.5196
6/24/2009,96.2369
6/25/2009,96.7072
6/26/2009,96.1935
6/29/2009,96.242
6/30/2009,96.3761
7/1/2009,95.6581
7/2/2009,96.3216
7/3/2009,
7/6/2009,96.6174
7/7/2009,96.6321
7/8/2009,97.0204
7/9/2009,96.6219
7/10/2009,97.0819
7/13/2009,96.9995
7/14/2009,96.6599
7/15/2009,95.8004
7/16/2009,95.7241
7/17/2009,95.6036
7/20/2009,95.0903
7/21/2009,95.0564
7/22/2009,94.8659
7/23/2009,94.532
7/24/2009,94.7046
7/27/2009,94.6659
7/28/2009,94.5592
7/29/2009,95.1678
7/30/2009,94.8967
7/31/2009,94.2526
8/3/2009,93.6331
8/4/2009,93.7281
8/5/2009,93.7848
8/6/2009,93.9358
8/7/2009,94.4692
8/10/2009,94.6087
8/11/2009,94.8678
8/12/2009,94.5394
8/13/2009,94.2392
8/14/2009,94.475
8/17/2009,95.1024
8/18/2009,95.1118
8/19/2009,94.4084
8/20/2009,94.3492
8/21/2009,94.0103
8/24/2009,93.9345
8/25/2009,93.9066
8/26/2009,94.8662
8/27/2009,94.7943
8/28/2009,94.4489
8/31/2009,94.6202
9/1/2009,95.2201
9/2/2009,95.1575
9/3/2009,94.959
9/4/2009,94.5811
9/7/2009,
9/8/2009,93.7323
9/9/2009,93.6915
9/10/2009,93.6947
9/11/2009,93.3225
9/14/2009,93.6196
9/15/2009,93.4427
9/16/2009,92.9072
9/17/2009,92.8287
9/18/2009,93.1233
9/21/2009,93.3547
9/22/2009,92.8664
9/23/2009,92.979
9/24/2009,93.4708
9/25/2009,93.5535
9/28/2009,93.4669
9/29/2009,93.7776
9/30/2009,93.1907
10/1/2009,93.5995
10/2/2009,93.6756
10/5/2009,93.3356
10/6/2009,92.619
10/7/2009,92.794
10/8/2009,92.2074
10/9/2009,92.2984
10/12/2009,
10/13/2009,91.8273
10/14/2009,91.5047
10/15/2009,91.4367
10/16/2009,91.6541
10/19/2009,91.4406
10/20/2009,91.801
10/21/2009,91.3805
10/22/2009,91.6075
10/23/2009,91.7331
10/26/2009,92.0998
10/27/2009,92.5335
10/28/2009,92.8152
10/29/2009,92.4708
10/30/2009,92.6207
11/2/2009,92.4501
11/3/2009,92.9037
11/4/2009,92.3725
11/5/2009,92.3437
11/6/2009,92.3848
11/9/2009,91.6861
11/10/2009,91.6659
11/11/2009,
11/12/2009,91.9461
11/13/2009,91.5754
11/16/2009,91.194
11/17/2009,91.7419
11/18/2009,91.249
11/19/2009,91.7827
11/20/2009,91.9906
11/23/2009,91.4864
11/24/2009,91.5539
11/25/2009,90.9669
11/26/2009,
11/27/2009,91.5272
11/30/2009,91.3717
12/1/2009,90.8323
12/2/2009,90.8906
12/3/2009,90.9152
12/4/2009,91.3806
12/7/2009,91.5414
12/8/2009,91.9513
12/9/2009,92.014
12/10/2009,92.0073
12/11/2009,92.2946
12/14/2009,92.0305
12/15/2009,92.3635
12/16/2009,92.1496
12/17/2009,93.225
12/18/2009,93.1632
12/21/2009,
12/22/2009,93.2903
12/23/2009,92.9295
12/24/2009,92.8694
12/25/2009,
12/28/2009,92.6993
12/29/2009,92.8838
12/30/2009,93.0872
12/31/2009,92.9124
1/1/2010,
1/4/2010,92.3566
1/5/2010,92.2236
1/6/2010,92.0941
1/7/2010,92.3684
1/8/2010,92.1485
1/11/2010,91.5997
1/12/2010,91.7005
1/13/2010,91.7272
1/14/2010,91.5864
1/15/2010,91.7668
1/18/2010,
1/19/2010,91.9611
1/20/2010,92.6766
1/21/2010,92.6627
1/22/2010,92.943
1/25/2010,92.9099
1/26/2010,93.3298
1/27/2010,93.2835
1/28/2010,93.2635
1/29/2010,93.7638
2/1/2010,93.7321
2/2/2010,93.4136
2/3/2010,93.6268
2/4/2010,94.1401
2/5/2010,94.6218
2/8/2010,
2/9/2010,
2/10/2010,
2/11/2010,
2/12/2010,93.9976
2/15/2010,
2/16/2010,93.482
2/17/2010,93.7171
2/18/2010,93.8752
2/19/2010,93.9569
2/22/2010,93.7402
2/23/2010,93.9794
2/24/2010,93.9775
2/25/2010,94.3797
2/26/2010,93.6602
3/1/2010,93.7979
3/2/2010,93.488
3/3/2010,92.9861
3/4/2010,93.4079
3/5/2010,93.2623
3/8/2010,93.2446
3/9/2010,93.1941
3/10/2010,93.0426
3/11/2010,93.0533
3/12/2010,92.6616
3/15/2010,92.9642
3/16/2010,92.595
3/17/2010,92.4446
3/18/2010,92.7451
3/19/2010,93.0407
3/22/2010,93.1333
3/23/2010,93.006
3/24/2010,93.6468
3/25/2010,93.5885
3/26/2010,93.6873
3/29/2010,93.2959
3/30/2010,93.2627
3/31/2010,92.8987
4/1/2010,92.6661
4/2/2010,92.9057
4/5/2010,92.6644
4/6/2010,92.7373
4/7/2010,92.7452
4/8/2010,92.7211
4/9/2010,92.4772
4/12/2010,92.243
4/13/2010,92.2689
4/14/2010,91.9297
4/15/2010,92.2029
4/16/2010,92.5253
4/19/2010,92.8577
4/20/2010,92.4338
4/21/2010,92.4482
4/22/2010,92.7277
4/23/2010,92.6622
4/26/2010,92.5187
4/27/2010,93.0956
4/28/2010,93.4856
4/29/2010,92.9013
4/30/2010,92.8423
5/3/2010,93.235
5/4/2010,93.8137
5/5/2010,94.3968
5/6/2010,95.3032
5/7/2010,95.2952
5/10/2010,94.3096
5/11/2010,94.4305
5/12/2010,94.5515
5/13/2010,94.5071
5/14/2010,95.3746
5/17/2010,95.9795
5/18/2010,95.6212
5/19/2010,96.5083
5/20/2010,96.9483
5/21/2010,96.2911
5/24/2010,96.6433
5/25/2010,97.5487
5/26/2010,97.1879
5/27/2010,96.3611
5/28/2010,96.3062
5/31/2010,
6/1/2010,96.6123
6/2/2010,96.615
6/3/2010,96.461
6/4/2010,97.1688
6/7/2010,97.503
6/8/2010,97.3425
6/9/2010,96.8938
6/10/2010,96.4877
6/11/2010,96.5616
6/14/2010,95.8082
6/15/2010,95.7049
6/16/2010,95.5668
6/17/2010,95.4973
6/18/2010,95.2981
6/21/2010,94.8505
6/22/2010,95.1165
6/23/2010,95.4853
6/24/2010,95.6194
6/25/2010,95.4582
6/28/2010,95.2696
6/29/2010,96.0199
6/30/2010,95.9934
7/1/2010,95.8018
7/2/2010,95.6345
7/5/2010,
7/6/2010,95.1069
7/7/2010,95.1795
7/8/2010,94.7734
7/9/2010,94.683
7/12/2010,94.9598
7/13/2010,94.3856
7/14/2010,94.3247
7/15/2010,94.1988
7/16/2010,94.5061
7/19/2010,94.602
7/20/2010,94.542
7/21/2010,94.4496
7/22/2010,94.1135
7/23/2010,94.1431
7/26/2010,93.7556
7/27/2010,93.7583
7/28/2010,93.7506
7/29/2010,93.6004
7/30/2010,93.2793
8/2/2010,92.7916
8/3/2010,92.6258
8/4/2010,92.731
8/5/2010,92.6401
8/6/2010,92.5915
8/9/2010,92.6726
8/10/2010,93.2197
8/11/2010,93.7778
8/12/2010,93.8905
8/13/2010,94.0457
8/16/2010,93.7902
8/17/2010,93.4239
8/18/2010,93.3719
8/19/2010,93.7141
8/20/2010,94.2087
8/23/2010,94.3295
8/24/2010,94.4362
8/25/2010,94.7372
8/26/2010,94.3523
8/27/2010,94.3462
8/30/2010,94.5922
8/31/2010,94.7204
9/1/2010,94.1148
9/2/2010,94.0852
9/3/2010,93.6952
9/6/2010,
9/7/2010,94.042
9/8/2010,93.7785
9/9/2010,93.7033
9/10/2010,93.6768
9/13/2010,93.0767
9/14/2010,92.6182
9/15/2010,92.9313
9/16/2010,92.9108
9/17/2010,92.9418
9/20/2010,92.7496
9/21/2010,92.6684
9/22/2010,92.0647
9/23/2010,92.0233
9/24/2010,91.5996
9/27/2010,91.4803
9/28/2010,91.3493
9/29/2010,91.1632
9/30/2010,91.3415
10/1/2010,90.836
10/4/2010,91.0015
10/5/2010,90.5622
10/6/2010,90.1411
10/7/2010,90.286
10/8/2010,90.1133
10/11/2010,
10/12/2010,90.2203
10/13/2010,89.7779
10/14/2010,89.5228
10/15/2010,89.6815
10/18/2010,89.8484
10/19/2010,90.5499
10/20/2010,90.1446
10/21/2010,90.138
10/22/2010,90.4063
10/25/2010,89.9328
10/26/2010,90.2818
10/27/2010,90.8038
10/28/2010,90.2407
10/29/2010,90.0935
11/1/2010,90.0307
11/2/2010,89.6847
11/3/2010,89.7079
11/4/2010,88.9831
11/5/2010,89.2441
11/8/2010,89.5711
11/9/2010,89.558
11/10/2010,89.9056
11/11/2010,
11/12/2010,90.1701
11/15/2010,90.4331
11/16/2010,91.1102
11/17/2010,90.9282
11/18/2010,90.649
11/19/2010,90.6986
11/22/2010,90.7023
11/23/2010,91.4318
11/24/2010,91.2179
11/25/2010,
11/26/2010,91.8152
11/29/2010,92.1997
11/30/2010,92.1494
12/1/2010,91.6799
12/2/2010,91.2651
12/3/2010,90.8788
12/6/2010,91.0167
12/7/2010,90.9732
12/8/2010,91.3376
12/9/2010,91.3923
12/10/2010,91.2831
12/13/2010,90.8837
12/14/2010,90.764
12/15/2010,91.094
12/16/2010,91.3773
12/17/2010,91.5555
12/20/2010,91.6398
12/21/2010,91.519
12/22/2010,91.429
12/23/2010,91.3013
12/24/2010,
12/27/2010,91.1963
12/28/2010,90.9848
12/29/2010,90.7669
12/30/2010,90.5146
12/31/2010,
1/3/2011,89.9524
1/4/2011,90.3277
1/5/2011,90.5715
1/6/2011,90.9125
1/7/2011,91.0001
1/10/2011,91.03
1/11/2011,90.8431
1/12/2011,90.4111
1/13/2011,89.9019
1/14/2011,90.0461
1/17/2011,
1/18/2011,89.821
1/19/2011,89.6948
1/20/2011,90.1316
1/21/2011,89.7204
1/24/2011,89.5375
1/25/2011,89.7279
1/26/2011,89.5091
1/27/2011,89.5728
1/28/2011,89.8189
1/31/2011,89.694
2/1/2011,89.1436
2/2/2011,89.0737
2/3/2011,89.2522
2/4/2011,89.391
2/7/2011,89.3556
2/8/2011,89.1241
2/9/2011,89.4166
2/10/2011,89.6266
2/11/2011,89.8784
2/14/2011,89.8543
2/15/2011,89.8871
2/16/2011,89.7059
2/17/2011,89.4102
2/18/2011,89.1974
2/21/2011,
2/22/2011,89.4617
2/23/2011,89.4186
2/24/2011,89.2346
2/25/2011,89.1664
2/28/2011,88.9391
3/1/2011,88.831
3/2/2011,88.7317
3/3/2011,88.637
3/4/2011,88.4898
3/7/2011,88.5207
3/8/2011,88.6454
3/9/2011,88.5328
3/10/2011,88.8698
3/11/2011,88.691
3/14/2011,88.5191
3/15/2011,88.7845
3/16/2011,88.9785
3/17/2011,88.6549
3/18/2011,88.5221
3/21/2011,88.2032
3/22/2011,88.0665
3/23/2011,88.3328
3/24/2011,88.0592
3/25/2011,88.1716
3/28/2011,88.3058
3/29/2011,88.3991
3/30/2011,88.2298
3/31/2011,88.0299
4/1/2011,87.7993
4/4/2011,87.8406
4/5/2011,87.7483
4/6/2011,87.4913
4/7/2011,87.532
4/8/2011,87.1493
4/11/2011,87.094
4/12/2011,87.2943
4/13/2011,87.2093
4/14/2011,87.0802
4/15/2011,87.005
4/18/2011,87.5081
4/19/2011,87.0791
4/20/2011,86.5642
4/21/2011,86.2256
4/22/2011,86.3742
4/25/2011,86.4026
4/26/2011,86.2576
4/27/2011,86.2519
4/28/2011,85.8419
4/29/2011,85.5999
5/2/2011,85.5199
5/3/2011,85.6352
5/4/2011,85.8917
5/5/2011,86.508
5/6/2011,86.4575
5/9/2011,86.8346
5/10/2011,86.6518
5/11/2011,86.7195
5/12/2011,87.0767
5/13/2011,87.4176
5/16/2011,87.3311
5/17/2011,87.6307
5/18/2011,87.295
5/19/2011,87.2638
5/20/2011,87.3044
5/23/2011,87.8941
5/24/2011,87.662
5/25/2011,87.6136
5/26/2011,87.5588
5/27/2011,86.9525
5/30/2011,
5/31/2011,86.656
6/1/2011,86.5964
6/2/2011,86.8435
6/3/2011,86.4234
6/6/2011,86.4669
6/7/2011,86.3627
6/8/2011,86.5714
6/9/2011,86.5913
6/10/2011,87.042
6/13/2011,87.0579
6/14/2011,86.6771
6/15/2011,87.3342
6/16/2011,87.6917
6/17/2011,87.2179
6/20/2011,87.1908
6/21/2011,86.857
6/22/2011,86.8067
6/23/2011,87.455
6/24/2011,87.5014
6/27/2011,87.5225
6/28/2011,87.2178
6/29/2011,86.8014
6/30/2011,86.4786
7/1/2011,86.3613
7/4/2011,
7/5/2011,86.4253
7/6/2011,86.6825
7/7/2011,86.4825
7/8/2011,86.615
7/11/2011,87.1013
7/12/2011,87.1701
7/13/2011,86.5697
7/14/2011,86.5234
7/15/2011,86.5169
7/18/2011,86.9549
7/19/2011,86.4386
7/20/2011,86.2794
7/21/2011,85.8378
7/22/2011,85.8623
7/25/2011,85.8006
7/26/2011,85.4692
7/27/2011,85.7126
7/28/2011,85.8245
7/29/2011,85.7282
8/1/2011,86.0391
8/2/2011,86.0533
8/3/2011,86.0706
8/4/2011,86.9299
8/5/2011,87.1084
8/8/2011,87.1873
8/9/2011,87.3919
8/10/2011,87.3792
8/11/2011,87.3215
8/12/2011,87.177
8/15/2011,86.7515
8/16/2011,86.7115
8/17/2011,86.5518
8/18/2011,87.1271
8/19/2011,86.8286
8/22/2011,87.0753
8/23/2011,86.9001
8/24/2011,87.1316
8/25/2011,87.2306
8/26/2011,87.0751
8/29/2011,86.8433
8/30/2011,87.001
8/31/2011,86.7739
9/1/2011,86.8512
9/2/2011,87.1797
9/5/2011,
9/6/2011,88.1645
9/7/2011,87.9699
9/8/2011,88.1162
9/9/2011,88.9514
9/12/2011,89.2192
9/13/2011,89.2653
9/14/2011,89.419
9/15/2011,89.0647
9/16/2011,89.1108
9/19/2011,89.9336
9/20/2011,89.8777
9/21/2011,90.3453
9/22/2011,92.075
9/23/2011,91.6904
9/26/2011,91.7724
9/27/2011,90.8985
9/28/2011,91.0227
9/29/2011,91.3033
9/30/2011,91.9998
10/3/2011,92.5128
10/4/2011,92.9508
10/5/2011,92.3008
10/6/2011,91.9661
10/7/2011,91.2469
10/10/2011,
10/11/2011,90.9162
10/12/2011,90.3378
10/13/2011,90.6603
10/14/2011,90.2116
10/17/2011,90.266
10/18/2011,90.5907
10/19/2011,90.3317
10/20/2011,91.1026
10/21/2011,90.279
10/24/2011,89.8558
10/25/2011,89.9525
10/26/2011,90.0836
10/27/2011,88.7882
10/28/2011,88.6382
10/31/2011,89.2053
11/1/2011,90.7296
11/2/2011,90.244
11/3/2011,90.2961
11/4/2011,90.3154
11/7/2011,90.3832
11/8/2011,90.172
11/9/2011,90.6991
11/10/2011,90.8588
11/11/2011,
11/14/2011,90.7215
11/15/2011,91.1081
11/16/2011,91.1237
11/17/2011,91.1822
11/18/2011,91.3676
11/21/2011,91.9978
11/22/2011,92.0193
11/23/2011,92.7463
11/24/2011,
11/25/2011,93.1455
11/28/2011,92.4983
11/29/2011,92.2163
11/30/2011,91.4728
12/1/2011,91.227
12/2/2011,91.3532
12/5/2011,91.1087
12/6/2011,91.2817
12/7/2011,91.2331
12/8/2011,91.668
12/9/2011,91.6122
12/12/2011,92.3375
12/13/2011,92.5456
12/14/2011,93.2176
12/15/2011,92.8858
12/16/2011,92.8252
12/19/2011,92.8685
12/20/2011,92.432
12/21/2011,92.5262
12/22/2011,92.3883
12/23/2011,92.3897
12/26/2011,
12/27/2011,92.4137
12/28/2011,92.8374
12/29/2011,92.7398
12/30/2011,92.4262
1/2/2012,
1/3/2012,91.7551
1/4/2012,92.0345
1/5/2012,92.5773
1/6/2012,92.7183
1/9/2012,92.7418
1/10/2012,92.2461
1/11/2012,92.554
1/12/2012,92.2274
1/13/2012,92.5385
1/16/2012,
1/17/2012,92.0142
1/18/2012,91.6943
1/19/2012,91.3316
1/20/2012,91.3661
1/23/2012,90.986
1/24/2012,91.181
1/25/2012,91.277
1/26/2012,90.3962
1/27/2012,90.2559
1/30/2012,90.4762
1/31/2012,90.5538
2/1/2012,90.0963
2/2/2012,89.8765
2/3/2012,89.8491
2/6/2012,89.7907
2/7/2012,89.5968
2/8/2012,89.6555
2/9/2012,89.6246
2/10/2012,90.1024
2/13/2012,89.8895
2/14/2012,90.1919
2/15/2012,90.1932
2/16/2012,90.3109
2/17/2012,90.23
2/20/2012,
2/21/2012,90.0117
2/22/2012,90.2472
2/23/2012,90.1108
2/24/2012,89.9104
2/27/2012,89.9635
2/28/2012,89.8103
2/29/2012,89.7487
3/1/2012,89.7817
3/2/2012,90.135
3/5/2012,90.2748
3/6/2012,90.8237
3/7/2012,90.6837
3/8/2012,90.2598
3/9/2012,90.4341
3/12/2012,90.6643
3/13/2012,90.5363
3/14/2012,90.9325
3/15/2012,90.7866
3/16/2012,90.5245
3/19/2012,90.292
3/20/2012,90.6065
3/21/2012,90.6761
3/22/2012,90.8225
3/23/2012,90.6156
3/26/2012,90.3266
3/27/2012,90.2796
3/28/2012,90.603
3/29/2012,90.7285
3/30/2012,90.4593
4/2/2012,90.247
4/3/2012,90.1921
4/4/2012,90.8284
4/5/2012,90.8781
4/6/2012,90.9375
4/9/2012,90.9624
4/10/2012,91.2728
4/11/2012,91.1768
4/12/2012,90.7694
4/13/2012,91.0558
4/16/2012,91.2355
4/17/2012,90.7661
4/18/2012,90.9326
4/19/2012,91.0833
4/20/2012,90.8066
4/23/2012,91.079
4/24/2012,90.8153
4/25/2012,90.756
4/26/2012,90.6428
4/27/2012,90.3269
4/30/2012,90.3634
5/1/2012,90.3227
5/2/2012,90.6144
5/3/2012,90.6839
5/4/2012,91.0497
5/7/2012,91.0747
5/8/2012,91.4107
5/9/2012,91.7632
5/10/2012,91.7077
5/11/2012,91.7306
5/14/2012,92.2491
5/15/2012,92.5235
5/16/2012,92.903
5/17/2012,92.9632
5/18/2012,93.1395
5/21/2012,93.0945
5/22/2012,93.1113
5/23/2012,93.8855
5/24/2012,93.8027
5/25/2012,93.9488
5/28/2012,
5/29/2012,93.875
5/30/2012,94.302
5/31/2012,94.6856
6/1/2012,94.6979
6/4/2012,94.5184
6/5/2012,94.6184
6/6/2012,94.0362
6/7/2012,93.774
6/8/2012,94.2024
6/11/2012,94.0369
6/12/2012,94.0693
6/13/2012,93.8309
6/14/2012,93.8152
6/15/2012,93.5203
6/18/2012,93.6431
6/19/2012,93.0524
6/20/2012,93.1602
6/21/2012,93.6378
6/22/2012,93.9205
6/25/2012,94.1757
6/26/2012,93.9859
6/27/2012,93.8728
6/28/2012,94.0203
6/29/2012,92.9096
7/2/2012,92.951
7/3/2012,92.6508
7/4/2012,
7/5/2012,93.2211
7/6/2012,93.7087
7/9/2012,93.6974
7/10/2012,93.5552
7/11/2012,93.5981
7/12/2012,93.9298
7/13/2012,93.5515
7/16/2012,93.3746
7/17/2012,93.3479
7/18/2012,93.0973
7/19/2012,93.0438
7/20/2012,93.3653
7/23/2012,93.9297
7/24/2012,94.2635
7/25/2012,94.0564
7/26/2012,93.3595
7/27/2012,92.9333
7/30/2012,93.0524
7/31/2012,92.8422
8/1/2012,92.8905
8/2/2012,93.4269
8/3/2012,92.6048
8/6/2012,92.4339
8/7/2012,92.5128
8/8/2012,92.5407
8/9/2012,92.6057
8/10/2012,92.5129
8/13/2012,92.5955
8/14/2012,92.6152
8/15/2012,92.6838
8/16/2012,92.5737
8/17/2012,92.711
8/20/2012,92.6263
8/21/2012,92.3053
8/22/2012,92.4362
8/23/2012,92.1057
8/24/2012,92.2785
8/27/2012,92.3135
8/28/2012,92.2033
8/29/2012,92.3823
8/30/2012,92.6239
8/31/2012,92.1677
9/3/2012,
9/4/2012,92.1582
9/5/2012,92.1262
9/6/2012,91.8973
9/7/2012,91.3469
9/10/2012,91.3102
9/11/2012,91.0575
9/12/2012,91.0477
9/13/2012,90.9632
9/14/2012,90.1436
9/17/2012,90.2837
9/18/2012,90.5029
9/19/2012,90.4646
9/20/2012,90.7631
9/21/2012,90.5342
9/24/2012,90.8263
9/25/2012,90.6074
9/26/2012,91.0028
9/27/2012,90.7538
9/28/2012,90.8342
10/1/2012,90.7011
10/2/2012,90.644
10/3/2012,90.8726
10/4/2012,90.4932
10/5/2012,90.2851
10/8/2012,
10/9/2012,90.8703
10/10/2012,90.883
10/11/2012,90.7437
10/12/2012,90.6833
10/15/2012,90.6409
10/16/2012,90.5583
10/17/2012,90.2309
10/18/2012,90.3804
10/19/2012,90.8107
10/22/2012,90.7911
10/23/2012,91.0945
10/24/2012,91.1275
10/25/2012,91.02
10/26/2012,91.1411
10/29/2012,
10/30/2012,
10/31/2012,91.1609
11/1/2012,91.1217
11/2/2012,91.281
11/5/2012,91.4778
11/6/2012,91.2908
11/7/2012,91.4514
11/8/2012,91.5375
11/9/2012,91.6871
11/12/2012,
11/13/2012,91.7356
11/14/2012,91.7942
11/15/2012,91.8837
11/16/2012,92.0095
11/19/2012,91.5653
11/20/2012,91.556
11/21/2012,91.6645
11/22/2012,
11/23/2012,91.2616
11/26/2012,91.2789
11/27/2012,91.2608
11/28/2012,91.33
11/29/2012,91.2104
11/30/2012,91.1038
12/3/2012,91.0084
12/4/2012,90.9748
12/5/2012,90.9423
12/6/2012,91.0629
12/7/2012,91.0437
12/10/2012,90.9631
12/11/2012,90.8403
12/12/2012,90.7708
12/13/2012,90.776
12/14/2012,90.7156
12/17/2012,90.6193
12/18/2012,90.5161
12/19/2012,90.4896
12/20/2012,90.6002
12/21/2012,90.9597
12/24/2012,91.0354
12/25/2012,
12/26/2012,91.0606
12/27/2012,91.1037
12/28/2012,91.0419
12/31/2012,91.0834
1/1/2013,
1/2/2013,90.6941
1/3/2013,90.8097
1/4/2013,91.1025
1/7/2013,90.9852
1/8/2013,91.057
1/9/2013,91.0088
1/10/2013,90.6425
1/11/2013,90.5352
1/14/2013,90.4935
1/15/2013,90.5191
1/16/2013,90.596
1/17/2013,90.5401
1/18/2013,90.8697
1/21/2013,
1/22/2013,90.7892
1/23/2013,90.8376
1/24/2013,90.9112
1/25/2013,91.0868
1/28/2013,91.2354
1/29/2013,90.9406
1/30/2013,90.8836
1/31/2013,90.798
2/1/2013,90.6923
2/4/2013,90.9774
2/5/2013,90.881
2/6/2013,91.0176
2/7/2013,91.2912
2/8/2013,91.3056
2/11/2013,91.4451
2/12/2013,91.2779
2/13/2013,91.2709
2/14/2013,91.366
2/15/2013,91.4551
2/18/2013,
2/19/2013,91.5073
2/20/2013,91.6689
2/21/2013,92.0394
2/22/2013,92.1197
2/25/2013,92.1975
2/26/2013,92.4247
2/27/2013,92.234
2/28/2013,92.295
3/1/2013,92.6177
3/4/2013,92.6316
3/5/2013,92.4965
3/6/2013,
3/7/2013,92.5462
3/8/2013,92.6252
3/11/2013,92.5351
3/12/2013,92.3853
3/13/2013,92.4709
3/14/2013,92.4695
3/15/2013,92.128
3/18/2013,92.3377
3/19/2013,92.526
3/20/2013,92.4141
3/21/2013,92.3322
3/22/2013,92.2051
3/25/2013,92.3081
3/26/2013,92.232
3/27/2013,92.446
3/28/2013,92.2544
3/29/2013,92.302
4/1/2013,92.1687
4/2/2013,92.1432
4/3/2013,92.104
4/4/2013,92.3896
4/5/2013,92.1043
4/8/2013,92.2317
4/9/2013,91.9669
4/10/2013,91.9598
4/11/2013,91.6972
4/12/2013,91.7967
4/15/2013,91.9457
4/16/2013,91.8451
4/17/2013,92.1372
4/18/2013,92.176
4/19/2013,92.2166
4/22/2013,92.3591
4/23/2013,92.3836
4/24/2013,92.4581
4/25/2013,92.0394
4/26/2013,91.9012
4/29/2013,91.6539
4/30/2013,91.3741
5/1/2013,91.4331
5/2/2013,91.6174
5/3/2013,91.5087
5/6/2013,91.6387
5/7/2013,91.5201
5/8/2013,91.1848
5/9/2013,91.3036
5/10/2013,92.2527
5/13/2013,92.2711
5/14/2013,92.3697
5/15/2013,92.7691
5/16/2013,92.6602
5/17/2013,93.1617
5/20/2013,93.0359
5/21/2013,92.9662
5/22/2013,93.3104
5/23/2013,93.2113
5/24/2013,93.2768
5/27/2013,
5/28/2013,93.5853
5/29/2013,93.531
5/30/2013,93.4219
5/31/2013,93.6076
6/3/2013,93.163
6/4/2013,93.3067
6/5/2013,93.275
6/6/2013,92.809
6/7/2013,92.6056
6/10/2013,92.973
6/11/2013,92.7996
6/12/2013,92.4775
6/13/2013,92.3449
6/14/2013,92.1886
6/17/2013,92.3332
6/18/2013,92.5432
6/19/2013,92.4755
6/20/2013,94.125
6/21/2013,94.4243
6/24/2013,94.5714
6/25/2013,94.3285
6/26/2013,94.3807
6/27/2013,94.2429
6/28/2013,94.3047
7/1/2013,94.0998
7/2/2013,94.4051
7/3/2013,94.4767
7/4/2013,
7/5/2013,95.0639
7/8/2013,94.9954
7/9/2013,94.9467
7/10/2013,94.7595
7/11/2013,93.949
7/12/2013,94.0029
7/15/2013,93.9729
7/16/2013,93.5232
7/17/2013,93.5498
7/18/2013,93.681
7/19/2013,93.4759
7/22/2013,93.2253
7/23/2013,93.1631
7/24/2013,93.3124
7/25/2013,93.2862
7/26/2013,93.1695
7/29/2013,93.1663
7/30/2013,93.3976
7/31/2013,93.5703
8/1/2013,93.7972
8/2/2013,93.5789
8/5/2013,93.507
8/6/2013,93.3199
8/7/2013,93.2652
8/8/2013,92.8483
8/9/2013,92.8394
8/12/2013,92.9178
8/13/2013,93.476
8/14/2013,93.382
8/15/2013,93.5059
8/16/2013,93.4255
8/19/2013,93.6623
8/20/2013,93.5536
8/21/2013,94.0362
8/22/2013,94.2804
8/23/2013,93.9466
8/26/2013,94.1853
8/27/2013,94.3934
8/28/2013,94.4127
8/29/2013,94.6398
8/30/2013,94.7541
9/2/2013,
9/3/2013,94.9574
9/4/2013,94.5739
9/5/2013,94.8891
9/6/2013,94.2487
9/9/2013,94.0009
9/10/2013,93.938
9/11/2013,93.7112
9/12/2013,93.5903
9/13/2013,93.6666
9/16/2013,93.2875
9/17/2013,93.2231
9/18/2013,93.2569
9/19/2013,92.4082
9/20/2013,92.6049
9/23/2013,92.613
9/24/2013,92.7691
9/25/2013,92.7675
9/26/2013,93.0096
9/27/2013,92.9747
9/30/2013,92.9207
10/1/2013,92.9515
10/2/2013,92.772
10/3/2013,92.7461
10/4/2013,92.6469
10/7/2013,92.6725
10/8/2013,92.7558
10/9/2013,93.0829
10/10/2013,92.8579
10/11/2013,92.854
10/14/2013,
10/15/2013,92.7642
10/16/2013,92.6819
10/17/2013,92.0246
10/18/2013,91.9989
10/21/2013,92.2498
10/22/2013,91.9563
10/23/2013,92.0947
10/24/2013,92.1867
10/25/2013,92.1623
10/28/2013,92.1872
10/29/2013,92.301
10/30/2013,92.3057
10/31/2013,92.731
11/1/2013,93.155
11/4/2013,92.9359
11/5/2013,93.2112
11/6/2013,93.0943
11/7/2013,93.4003
11/8/2013,93.6619
11/11/2013,
11/12/2013,93.7651
11/13/2013,93.4848
11/14/2013,93.4328
11/15/2013,93.2854
11/18/2013,92.9824
11/19/2013,93.0649
11/20/2013,93.2501
11/21/2013,93.5638
11/22/2013,93.4198
11/25/2013,93.5539
11/26/2013,93.5226
11/27/2013,93.6864
11/28/2013,
11/29/2013,93.6291
12/2/2013,93.8856
12/3/2013,93.8251
12/4/2013,93.8997
12/5/2013,93.4954
12/6/2013,93.4045
12/9/2013,93.1444
12/10/2013,
12/11/2013,93.0842
12/12/2013,93.4292
12/13/2013,93.3568
12/16/2013,93.2175
12/17/2013,93.302
12/18/2013,93.4207
12/19/2013,93.7368
12/20/2013,93.7211
12/23/2013,93.572
12/24/2013,93.6734
12/25/2013,
12/26/2013,93.766
12/27/2013,93.7018
12/30/2013,93.4866
12/31/2013,93.5576
1/1/2014,
1/2/2014,93.8192
1/3/2014,93.853
1/6/2014,93.9109
1/7/2014,94.0398
1/8/2014,94.2181
1/9/2014,94.3299
1/10/2014,94.0045
1/13/2014,93.899
1/14/2014,94.0303
1/15/2014,94.341
1/16/2014,94.5507
1/17/2014,94.5846
1/20/2014,
1/21/2014,94.679
1/22/2014,94.8479
1/23/2014,94.8415
1/24/2014,94.8555
1/27/2014,94.9059
1/28/2014,94.88
1/29/2014,94.8621
1/30/2014,95.1294
1/31/2014,95.1774
2/3/2014,95.2469
2/4/2014,95.0438
2/5/2014,95.0285
2/6/2014,94.7177
2/7/2014,94.7457
2/10/2014,94.7189
2/11/2014,94.6377
2/12/2014,94.6209
2/13/2014,
2/14/2014,94.2711
2/17/2014,
2/18/2014,94.1934
2/19/2014,94.38
2/20/2014,94.6571
2/21/2014,
2/24/2014,94.4042
2/25/2014,94.4735
2/26/2014,94.7754
2/27/2014,94.6722
2/28/2014,94.3879
3/3/2014,
3/4/2014,94.6568
3/5/2014,94.4679
3/6/2014,93.9858
3/7/2014,94.2532
3/10/2014,94.3731
3/11/2014,94.387
3/12/2014,94.462
3/13/2014,94.1872
3/14/2014,94.243
3/17/2014,
3/18/2014,94.2631
3/19/2014,94.3752
3/20/2014,94.9986
3/21/2014,94.8547
3/24/2014,94.759
3/25/2014,94.6379
3/26/2014,94.5281
3/27/2014,94.3315
3/28/2014,94.3683
3/31/2014,94.2432
4/1/2014,94.1244
4/2/2014,94.3103
4/3/2014,94.512
4/4/2014,94.2191
4/7/2014,94.0881
4/8/2014,93.6579
4/9/2014,93.6716
4/10/2014,93.5123
4/11/2014,93.6395
4/14/2014,93.8046
4/15/2014,93.9486
4/16/2014,93.9461
4/17/2014,93.8936
4/18/2014,93.9629
4/21/2014,94.0337
4/22/2014,94.0802
4/23/2014,94.149
4/24/2014,94.1294
4/25/2014,94.1623
4/28/2014,94.1374
4/29/2014,94.0295
4/30/2014,93.8896
5/1/2014,93.8707
5/2/2014,93.8182
5/5/2014,93.7334
5/6/2014,93.4324
5/7/2014,93.4337
5/8/2014,93.3686
5/9/2014,93.6614
5/12/2014,93.6537
5/13/2014,93.6755
5/14/2014,93.5968
5/15/2014,93.7065
5/16/2014,93.6073
5/19/2014,93.502
5/20/2014,93.6699
5/21/2014,93.7629
5/22/2014,93.6944
5/23/2014,93.7042
5/26/2014,
5/27/2014,93.8418
5/28/2014,93.8793
5/29/2014,93.6973
5/30/2014,93.7606
6/2/2014,94.0006
6/3/2014,94.0536
6/4/2014,94.1239
6/5/2014,93.9732
6/6/2014,93.9069
6/9/2014,93.9628
6/10/2014,94.0638
6/11/2014,93.9744
6/12/2014,93.8155
6/13/2014,93.9168
6/16/2014,93.8639
6/17/2014,94.0829
6/18/2014,94.0525
6/19/2014,93.752
6/20/2014,93.7591
6/23/2014,93.628
6/24/2014,93.7093
6/25/2014,93.5851
6/26/2014,93.5471
6/27/2014,93.3983
6/30/2014,93.2058
7/1/2014,93.1365
7/2/2014,93.2478
7/3/2014,93.3149
7/4/2014,
7/7/2014,93.3803
7/8/2014,93.323
7/9/2014,93.228
7/10/2014,93.3152
7/11/2014,93.4171
7/14/2014,93.4101
7/15/2014,93.5796
7/16/2014,93.5991
7/17/2014,93.6586
7/18/2014,93.6608
7/21/2014,93.6069
7/22/2014,93.6306
7/23/2014,93.5951
7/24/2014,93.6836
7/25/2014,93.8294
7/28/2014,93.83
7/29/2014,94.0443
7/30/2014,94.3473
7/31/2014,94.4467
8/1/2014,94.4754
8/4/2014,94.448
8/5/2014,94.6754
8/6/2014,94.6092
8/7/2014,94.6364
8/8/2014,94.6027
8/11/2014,94.4767
8/12/2014,94.5211
8/13/2014,94.4681
8/14/2014,94.3508
8/15/2014,94.2941
8/18/2014,94.2519
8/19/2014,94.4356
8/20/2014,94.5937
8/21/2014,94.673
8/22/2014,94.8012
8/25/2014,94.9159
8/26/2014,94.8617
8/27/2014,94.6863
8/28/2014,94.6947
8/29/2014,94.7251
9/1/2014,
9/2/2014,95.063
9/3/2014,94.8709
9/4/2014,95.2641
9/5/2014,95.2203
9/8/2014,95.4167
9/9/2014,95.8811
9/10/2014,95.8641
9/11/2014,95.9184
9/12/2014,96.0748
9/15/2014,96.1195
9/16/2014,95.8483
9/17/2014,95.9106
9/18/2014,96.1284
9/19/2014,96.3417
9/22/2014,96.4625
9/23/2014,96.5112
9/24/2014,96.6574
9/25/2014,96.8988
9/26/2014,97.208
9/29/2014,97.3523
9/30/2014,97.5261
10/1/2014,97.5387
10/2/2014,97.3062
10/3/2014,97.9846
10/6/2014,97.5513
10/7/2014,97.4459
10/8/2014,97.4945
10/9/2014,97.1711
10/10/2014,97.4144
10/13/2014,
10/14/2014,97.3943
10/15/2014,97.3532
10/16/2014,97.2869
10/17/2014,97.3067
10/20/2014,97.2874
10/21/2014,97.2488
10/22/2014,97.459
10/23/2014,97.6047
10/24/2014,97.4772
10/27/2014,97.5423
10/28/2014,97.2173
10/29/2014,97.0145
10/30/2014,97.456
10/31/2014,98.1163
11/3/2014,98.5336
11/4/2014,98.5576
11/5/2014,98.8086
11/6/2014,99.1325
11/7/2014,99.0236
11/10/2014,98.9305
11/11/2014,
11/12/2014,98.8897
11/13/2014,99.1045
11/14/2014,99.0917
11/17/2014,99.2188
11/18/2014,99.0185
11/19/2014,99.2424
11/20/2014,99.2554
11/21/2014,99.2894
11/24/2014,99.4227
11/25/2014,99.2837
11/26/2014,99.1893
11/27/2014,
11/28/2014,100.0719
12/1/2014,99.8964
12/2/2014,100.4478
12/3/2014,100.5696
12/4/2014,100.3931
12/5/2014,101.0989
12/8/2014,101.31
12/9/2014,100.8095
12/10/2014,101.0212
12/11/2014,101.4448
12/12/2014,101.3735
12/15/2014,101.674
12/16/2014,101.526
12/17/2014,101.5527
12/18/2014,101.7531
12/19/2014,102.0483
12/22/2014,101.9942
12/23/2014,102.348
12/24/2014,102.3028
12/25/2014,
12/26/2014,
12/29/2014,102.3767
12/30/2014,102.1019
12/31/2014,102.2843
1/1/2015,
1/2/2015,102.9027
1/5/2015,103.4976
1/6/2015,103.2938
1/7/2015,103.6316
1/8/2015,103.2799
1/9/2015,103.1213
1/12/2015,103.2372
1/13/2015,103.27
1/14/2015,103.0903
1/15/2015,103.0829
1/16/2015,103.2189
1/19/2015,
1/20/2015,103.5233
1/21/2015,103.7858
1/22/2015,103.9271
1/23/2015,104.3676
1/26/2015,104.4818
1/27/2015,104.1646
1/28/2015,104.4737
1/29/2015,105.2763
1/30/2015,105.5884
2/2/2015,105.2058
2/3/2015,104.6063
2/4/2015,104.785
2/5/2015,104.4915
2/6/2015,105.1283
2/9/2015,104.9889
2/10/2015,105.2897
2/11/2015,105.7901
2/12/2015,104.9385
2/13/2015,104.8452
2/16/2015,
2/17/2015,
2/18/2015,105.2514
2/19/2015,105.1407
2/20/2015,105.3387
2/23/2015,105.5359
2/24/2015,105.5472
2/25/2015,105.0503
2/26/2015,105.5021
2/27/2015,105.5981
3/2/2015,105.8151
3/3/2015,105.5562
3/4/2015,106.1333
3/5/2015,
3/6/2015,107.4337
3/9/2015,107.5199
3/10/2015,108.1165
3/11/2015,108.5235
3/12/2015,108.1741
3/13/2015,108.9174
3/16/2015,108.6422
3/17/2015,108.5805
3/18/2015,108.408
3/19/2015,108.1826
3/20/2015,107.1671
3/23/2015,106.5022
3/24/2015,106.4401
3/25/2015,106.2636
3/26/2015,106.5582
3/27/2015,106.8916
3/30/2015,107.3941
3/31/2015,107.4396
4/1/2015,107.06
4/2/2015,106.6738
4/3/2015,105.8861
4/6/2015,105.7876
4/7/2015,106.4488
4/8/2015,106.4231
4/9/2015,107.0335
4/10/2015,107.4526
4/13/2015,107.7508
4/14/2015,107.0547
4/15/2015,107.1855
4/16/2015,106.2761
4/17/2015,106.329
4/20/2015,106.4902
4/21/2015,106.5582
4/22/2015,106.5815
4/23/2015,106.1658
4/24/2015,105.905
4/27/2015,105.6891
4/28/2015,105.1234
4/29/2015,104.5634
4/30/2015,105.312
5/1/2015,105.6382
5/4/2015,105.6679
5/5/2015,105.2396
5/6/2015,104.6935
5/7/2015,105.1941
5/8/2015,104.8424
5/11/2015,105.3075
5/12/2015,104.8924
5/13/2015,104.3608
5/14/2015,104.2359
5/15/2015,104.0202
5/18/2015,104.6068
5/19/2015,105.3448
5/20/2015,105.5605
5/21/2015,105.3808
5/22/2015,105.8487
5/25/2015,
5/26/2015,106.7294
5/27/2015,106.908
5/28/2015,106.92
5/29/2015,106.7388
6/1/2015,107.2238
6/2/2015,106.4507
6/3/2015,106.1443
6/4/2015,106.4725
6/5/2015,107.1336
6/8/2015,106.7693
6/9/2015,106.2238
6/10/2015,105.8037
6/11/2015,106.0934
6/12/2015,105.9015
6/15/2015,105.9989
6/16/2015,106.0473
6/17/2015,106.058
6/18/2015,105.102
6/19/2015,105.4496
6/22/2015,105.3846
6/23/2015,105.9678
6/24/2015,106.2522
6/25/2015,106.1515
6/26/2015,106.4116
6/29/2015,106.3785
6/30/2015,106.5191
7/1/2015,107.0101
7/2/2015,106.9106
7/3/2015,
7/6/2015,107.1343
7/7/2015,107.785
7/8/2015,107.4734
7/9/2015,107.5595
7/10/2015,107.213
7/13/2015,107.5849
7/14/2015,107.4843
7/15/2015,108.0149
7/16/2015,108.1726
7/17/2015,108.5374
7/20/2015,108.6944
7/21/2015,108.3893
7/22/2015,108.7817
7/23/2015,108.7565
7/24/2015,109.0174
7/27/2015,108.6924
7/28/2015,108.6881
7/29/2015,108.604
7/30/2015,109.4328
7/31/2015,108.7819
8/3/2015,109.214
8/4/2015,109.2244
8/5/2015,109.842
8/6/2015,109.722
8/7/2015,109.4376
8/10/2015,109.1931
8/11/2015,109.9464
8/12/2015,109.4655
8/13/2015,109.9025
8/14/2015,109.9174
8/17/2015,110.1435
8/18/2015,110.2504
8/19/2015,110.4333
8/20/2015,110.1077
8/21/2015,110.1443
8/24/2015,109.9306
8/25/2015,110.3394
8/26/2015,110.5807
8/27/2015,110.4834
8/28/2015,110.6714
8/31/2015,110.5621
9/1/2015,110.4506
9/2/2015,110.7979
9/3/2015,110.8566
9/4/2015,111.1018
9/7/2015,
9/8/2015,110.7942
9/9/2015,110.9225
9/10/2015,110.6331
9/11/2015,110.6109
9/14/2015,110.5005
9/15/2015,110.6394
9/16/2015,110.1021
9/17/2015,110.1212
9/18/2015,109.8165
9/21/2015,110.6414
9/22/2015,111.1967
9/23/2015,111.6287
9/24/2015,111.4454
9/25/2015,111.3725
9/28/2015,111.3914
9/29/2015,111.5219
9/30/2015,111.3311
10/1/2015,111.0439
10/2/2015,110.7006
10/5/2015,110.4445
10/6/2015,110.1371
10/7/2015,109.8162
10/8/2015,109.6452
10/9/2015,109.0782
10/12/2015,
10/13/2015,109.4119
10/14/2015,109.1244
10/15/2015,108.6671
10/16/2015,108.9956
10/19/2015,109.3858
10/20/2015,109.3368
10/21/2015,109.7746
10/22/2015,110.0342
10/23/2015,110.4329
10/26/2015,110.2089
10/27/2015,110.4875
10/28/2015,110.2334
10/29/2015,110.8083
10/30/2015,110.2079
11/2/2015,110.2188
11/3/2015,110.244
11/4/2015,110.7139
11/5/2015,110.8302
11/6/2015,111.7603
11/9/2015,111.9112
11/10/2015,111.9919
11/11/2015,
11/12/2015,111.7965
11/13/2015,112.0264
11/16/2015,112.2199
11/17/2015,112.3141
11/18/2015,112.3663
11/19/2015,111.5749
11/20/2015,111.7799
11/23/2015,112.1125
11/24/2015,111.7638
11/25/2015,111.8936
11/26/2015,
11/27/2015,112.2824
11/30/2015,112.34
12/1/2015,112.1134
12/2/2015,112.3715
12/3/2015,111.6407
12/4/2015,111.5463
12/7/2015,112.3056
12/8/2015,112.5485
12/9/2015,112.1918
12/10/2015,112.2672
12/11/2015,112.7147
12/14/2015,112.7521
12/15/2015,112.8609
12/16/2015,112.9864
12/17/2015,113.8177
12/18/2015,113.2837
12/21/2015,113.4144
12/22/2015,113.211
12/23/2015,113.1847
12/24/2015,113.0496
12/25/2015,
12/28/2015,113.0461
12/29/2015,113.1664
12/30/2015,113.4707
12/31/2015,113.3429
1/1/2016,
1/4/2016,114.1595
1/5/2016,114.2649
1/6/2016,114.6177
1/7/2016,114.6516
1/8/2016,115.0095
1/11/2016,115.0139
1/12/2016,115.3128
1/13/2016,115.1425
1/14/2016,115.3846
1/15/2016,115.7404
1/18/2016,
1/19/2016,115.8155
1/20/2016,116.3498
1/21/2016,115.9833
1/22/2016,
1/25/2016,
1/26/2016,
1/27/2016,115.5087
1/28/2016,115.2224
1/29/2016,115.5731
2/1/2016,115.3331
2/2/2016,115.553
2/3/2016,114.6144
2/4/2016,113.6012
2/5/2016,114.2935
2/8/2016,114.4351
2/9/2016,114.127
2/10/2016,114.2877
2/11/2016,114.1845
2/12/2016,114.2992
2/15/2016,
2/16/2016,114.4905
2/17/2016,113.8634
2/18/2016,113.8897
2/19/2016,113.9558
2/22/2016,113.8232
2/23/2016,114.177
2/24/2016,114.1716
2/25/2016,113.9222
2/26/2016,114.3708
2/29/2016,114.2418
3/1/2016,113.9265
3/2/2016,113.7965
3/3/2016,113.2482
3/4/2016,112.6387
3/7/2016,112.6219
3/8/2016,112.8465
3/9/2016,112.4268
3/10/2016,112.4191
3/11/2016,111.741
3/14/2016,112.1688
3/15/2016,112.5545
3/16/2016,112.7759
3/17/2016,110.445
3/18/2016,110.4002
3/21/2016,110.737
3/22/2016,110.7877
3/23/2016,111.5473
3/24/2016,111.816
3/25/2016,111.7698
3/28/2016,111.3578
3/29/2016,111.3736
3/30/2016,110.2301
3/31/2016,109.9191
4/1/2016,110.2977
4/4/2016,110.3987
4/5/2016,110.9478
4/6/2016,110.5347
4/7/2016,110.8876
4/8/2016,110.4213
4/11/2016,109.9758
4/12/2016,109.816
4/13/2016,110.1436
4/14/2016,110.1691
4/15/2016,110.1933
4/18/2016,109.9892
4/19/2016,109.2782
4/20/2016,109.3926
4/21/2016,109.8533
4/22/2016,110.2331
4/25/2016,110.1865
4/26/2016,109.7496
4/27/2016,109.8483
4/28/2016,109.2148
4/29/2016,108.8274
5/2/2016,108.671
5/3/2016,109.3613
5/4/2016,109.9952
5/5/2016,110.2417
5/6/2016,110.3801
5/9/2016,110.9466
5/10/2016,110.8225
5/11/2016,110.2806
5/12/2016,110.6935
5/13/2016,111.2521
5/16/2016,111.1217
5/17/2016,111.0867
5/18/2016,111.4995
5/19/2016,112.2331
5/20/2016,112.1822
5/23/2016,112.284
5/24/2016,112.2912
5/25/2016,112.2001
5/26/2016,111.8979
5/27/2016,112.0822
5/30/2016,
5/31/2016,112.4276
6/1/2016,112.462
6/2/2016,112.4564
6/3/2016,111.4451
6/6/2016,111.2295
6/7/2016,110.8378
6/8/2016,110.1916
6/9/2016,110.6168
6/10/2016,111.1027
6/13/2016,111.5036
6/14/2016,111.9826
6/15/2016,111.7671
6/16/2016,112.2347
6/17/2016,111.5332
6/20/2016,110.8693
6/21/2016,111.0077
6/22/2016,110.7681
6/23/2016,110.262
6/24/2016,112.1355
6/27/2016,113.1301
6/28/2016,112.7545
6/29/2016,111.8597
6/30/2016,112.1618
7/1/2016,111.6509
7/4/2016,
7/5/2016,112.4231
7/6/2016,112.5438
7/7/2016,112.5775
7/8/2016,112.3963
7/11/2016,112.5254
7/12/2016,112.1102
7/13/2016,112.0266
7/14/2016,111.7692
7/15/2016,112.2833
7/18/2016,112.2463
7/19/2016,112.638
7/20/2016,112.6743
7/21/2016,112.6239
7/22/2016,112.989
7/25/2016,113.1784
7/26/2016,113.0593
7/27/2016,113.217
7/28/2016,112.7393
7/29/2016,111.874
8/1/2016,111.9757
8/2/2016,111.7124
8/3/2016,111.9419
8/4/2016,111.9149
8/5/2016,112.3589
8/8/2016,112.1456
8/9/2016,111.722
8/10/2016,111.3238
8/11/2016,111.1954
8/12/2016,111.1787
8/15/2016,110.9212
8/16/2016,110.4295
8/17/2016,110.9459
8/18/2016,110.3134
8/19/2016,110.8163
8/22/2016,110.9997
8/23/2016,110.9414
8/24/2016,111.2958
8/25/2016,111.1726
8/26/2016,111.2035
8/29/2016,111.8775
8/30/2016,112.2928
8/31/2016,112.4036
9/1/2016,112.1733
9/2/2016,112.0009
9/5/2016,
9/6/2016,110.9613
9/7/2016,110.9717
9/8/2016,111.2609
9/9/2016,111.9879
9/12/2016,112.1516
9/13/2016,112.5207
9/14/2016,112.4678
9/15/2016,112.4753
9/16/2016,113.1765
9/19/2016,112.903
9/20/2016,113.1848
9/21/2016,112.9842
9/22/2016,112.2592
9/23/2016,112.7166
9/26/2016,112.7112
9/27/2016,112.5515
9/28/2016,112.6283
9/29/2016,112.2879
9/30/2016,112.2795
10/3/2016,112.5077
10/4/2016,112.6579
10/5/2016,112.7946
10/6/2016,113.0066
10/7/2016,113.2915
10/10/2016,
10/11/2016,113.4461
10/12/2016,113.7442
10/13/2016,113.6238
10/14/2016,113.7119
10/17/2016,113.5488
10/18/2016,113.1393
10/19/2016,113.0547
10/20/2016,113.4033
10/21/2016,113.9015
10/24/2016,113.8571
10/25/2016,113.6801
10/26/2016,113.8131
10/27/2016,114.1998
10/28/2016,114.0931
10/31/2016,114.0188
11/1/2016,113.9915
11/2/2016,113.9206
11/3/2016,113.7664
11/4/2016,113.5828
11/7/2016,113.5443
11/8/2016,113.3017
11/9/2016,114.6956
11/10/2016,115.9375
11/11/2016,
11/14/2016,117.2245
11/15/2016,116.7724
11/16/2016,116.8062
11/17/2016,116.8952
11/18/2016,117.5936
11/21/2016,117.4762
11/22/2016,117.4508
11/23/2016,118.0356
11/24/2016,
11/25/2016,118.02
11/28/2016,117.7278
11/29/2016,117.644
11/30/2016,117.7636
12/1/2016,117.6642
12/2/2016,117.3116
12/5/2016,117.1008
12/6/2016,116.9225
12/7/2016,116.672
12/8/2016,117.0327
12/9/2016,117.2834
12/12/2016,116.9161
12/13/2016,116.8029
12/14/2016,116.7332
12/15/2016,118.8072
12/16/2016,118.3584
12/19/2016,118.3875
12/20/2016,118.63
12/21/2016,118.581
12/22/2016,118.8209
12/23/2016,118.7856
12/26/2016,
12/27/2016,118.9506
12/28/2016,119.2305
12/29/2016,118.6637
12/30/2016,118.3466
1/2/2017,
1/3/2017,119.0903
1/4/2017,118.8803
1/5/2017,117.9999
1/6/2017,118.3495
1/9/2017,118.4111
1/10/2017,118.5386
1/11/2017,119.0219
1/12/2017,117.8001
1/13/2017,117.9884
1/16/2017,
1/17/2017,117.2656
1/18/2017,117.7242
1/19/2017,118.3182
1/20/2017,
1/23/2017,117.2479
1/24/2017,117.0516
1/25/2017,116.9355
1/26/2017,117.2766
1/27/2017,117.0735
1/30/2017,116.7325
1/31/2017,116.2241
2/1/2017,116.3914
2/2/2017,115.903
2/3/2017,115.6259
2/6/2017,116.0504
2/7/2017,116.4082
2/8/2017,116.1382
2/9/2017,116.306
2/10/2017,116.148
2/13/2017,116.3427
2/14/2017,116.3949
2/15/2017,116.2162
2/16/2017,116.0067
2/17/2017,116.4035
2/20/2017,
2/21/2017,116.5921
2/22/2017,116.2136
2/23/2017,115.6527
2/24/2017,115.8143
2/27/2017,115.6764
2/28/2017,116.0032
3/1/2017,116.438
3/2/2017,116.8429
3/3/2017,116.6438
3/6/2017,116.4313
3/7/2017,116.4303
3/8/2017,116.875
3/9/2017,116.9959
3/10/2017,116.616
3/13/2017,116.4004
3/14/2017,116.5646
3/15/2017,116.3584
3/16/2017,115.4456
3/17/2017,115.2783
3/20/2017,115.0426
3/21/2017,114.8119
3/22/2017,114.7937
3/23/2017,114.7899
3/24/2017,114.6372
3/27/2017,114.2347
3/28/2017,114.419
3/29/2017,114.7167
3/30/2017,114.5245
3/31/2017,114.7938
4/3/2017,114.8734
4/4/2017,115.0038
4/5/2017,114.9494
4/6/2017,115.0181
4/7/2017,115.0547
4/10/2017,115.11
4/11/2017,115.009
4/12/2017,114.9162
4/13/2017,114.5059
4/14/2017,114.5368
4/17/2017,114.3283
4/18/2017,114.2575
4/19/2017,114.7923
4/20/2017,114.6205
4/21/2017,114.8128
4/24/2017,114.3659
4/25/2017,114.5111
4/26/2017,114.9479
4/27/2017,114.9946
4/28/2017,114.7877
5/1/2017,114.5921
5/2/2017,114.6792
5/3/2017,114.6637
5/4/2017,114.9076
5/5/2017,114.7725
5/8/2017,115.0895
5/9/2017,115.3933
5/10/2017,115.1145
5/11/2017,115.0669
5/12/2017,114.7479
5/15/2017,114.3504
5/16/2017,113.9923
5/17/2017,113.7506
5/18/2017,114.2683
5/19/2017,113.7001
5/22/2017,113.5442
5/23/2017,113.6862
5/24/2017,113.675
5/25/2017,113.3719
5/26/2017,113.4839
5/29/2017,
5/30/2017,113.5552
5/31/2017,113.2956
6/1/2017,113.3017
6/2/2017,113.1908
6/5/2017,112.9755
6/6/2017,112.7095
6/7/2017,112.8191
6/8/2017,112.8351
6/9/2017,112.9562
6/12/2017,112.9837
6/13/2017,112.6271
6/14/2017,112.0734
6/15/2017,112.8708
6/16/2017,112.6155
6/19/2017,112.7576
6/20/2017,113.2698
6/21/2017,113.3327
6/22/2017,113.1654
6/23/2017,112.8665
6/26/2017,112.7633
6/27/2017,112.55
6/28/2017,112.0747
6/29/2017,111.998
6/30/2017,111.9896
7/3/2017,112.4268
7/4/2017,
7/5/2017,112.6534
7/6/2017,112.4199
7/7/2017,112.3137
7/10/2017,112.1587
7/11/2017,112.1434
7/12/2017,111.5904
7/13/2017,111.5365
7/14/2017,110.9075
7/17/2017,110.9304
7/18/2017,110.4356
7/19/2017,110.4339
7/20/2017,110.2512
7/21/2017,110.191
7/24/2017,110.2004
7/25/2017,110.2835
7/26/2017,110.3811
7/27/2017,110.216
7/28/2017,109.92
7/31/2017,109.8177
8/1/2017,109.8495
8/2/2017,109.7503
8/3/2017,109.8332
8/4/2017,110.2808
8/7/2017,110.373
8/8/2017,110.396
8/9/2017,110.3671
8/10/2017,110.1886
8/11/2017,110.0422
8/14/2017,110.095
8/15/2017,110.4846
8/16/2017,110.4394
8/17/2017,110.1673
8/18/2017,110.041
8/21/2017,109.7349
8/22/2017,109.8386
8/23/2017,109.8095
8/24/2017,109.7524
8/25/2017,109.3415
8/28/2017,109.1815
8/29/2017,109.0946
8/30/2017,109.4052
8/31/2017,109.3686
9/1/2017,109.0504
9/4/2017,
9/5/2017,108.8664
9/6/2017,108.4897
9/7/2017,107.9224
9/8/2017,107.808
9/11/2017,108.153
9/12/2017,108.3239
9/13/2017,108.6628
9/14/2017,108.618
9/15/2017,108.3147
9/18/2017,108.6401
9/19/2017,108.6142
9/20/2017,108.4329
9/21/2017,108.9267
9/22/2017,108.7542
9/25/2017,109.3302
9/26/2017,109.7769
9/27/2017,110.0722
9/28/2017,110.2415
9/29/2017,110.0867
10/2/2017,110.3686
10/3/2017,110.3281
10/4/2017,110.2425
10/5/2017,110.5823
10/6/2017,110.7841
10/9/2017,
10/10/2017,110.3034
10/11/2017,110.3037
10/12/2017,110.3152
10/13/2017,110.2669
10/16/2017,110.5432
10/17/2017,110.9141
10/18/2017,110.7214
10/19/2017,110.4577
10/20/2017,111.0375
10/23/2017,111.2134
10/24/2017,111.4027
10/25/2017,111.3904
10/26/2017,111.6418
10/27/2017,112.1495
10/30/2017,111.901
10/31/2017,111.8052
11/1/2017,111.7942
11/2/2017,111.5474
11/3/2017,111.9383
11/6/2017,111.7197
11/7/2017,111.9446
11/8/2017,111.6935
11/9/2017,111.5626
11/10/2017,
11/13/2017,111.7833
11/14/2017,111.5097
11/15/2017,111.4809
11/16/2017,111.2568
11/17/2017,111.0016
11/20/2017,111.2599
11/21/2017,110.9828
11/22/2017,110.5632
11/23/2017,
11/24/2017,110.0253
11/27/2017,110.1136
11/28/2017,110.3018
11/29/2017,110.3265
11/30/2017,110.4648
12/1/2017,110.1413
12/4/2017,110.397
12/5/2017,110.4905
12/6/2017,110.8711
12/7/2017,111.0178
12/8/2017,111.2273
12/11/2017,111.0827
12/12/2017,111.5214
12/13/2017,111.2759
12/14/2017,111.0893
12/15/2017,111.1286
12/18/2017,110.9086
12/19/2017,111.1255
12/20/2017,110.8361
12/21/2017,110.8786
12/22/2017,111.0997
12/25/2017,
12/26/2017,110.9758
12/27/2017,110.8553
12/28/2017,110.5154
12/29/2017,110.0783
1/1/2018,
1/2/2018,109.6444
1/3/2018,109.6751
1/4/2018,109.4779
1/5/2018,109.3496
1/8/2018,109.5678
1/9/2018,109.9022
1/10/2018,109.6277
1/11/2018,109.4887
1/12/2018,108.9011
1/15/2018,
1/16/2018,108.322
1/17/2018,108.1526
1/18/2018,108.0655
1/19/2018,107.9454
1/22/2018,108.1069
1/23/2018,107.9981
1/24/2018,107.0801
1/25/2018,106.5052
1/26/2018,106.6909
1/29/2018,107.1141
1/30/2018,107.1063
1/31/2018,106.7695
2/1/2018,106.4877
2/2/2018,107.1154
2/5/2018,107.3303
2/6/2018,107.5206
2/7/2018,107.7173
2/8/2018,108.3021
2/9/2018,108.2579
2/12/2018,108.0332
2/13/2018,107.7575
2/14/2018,107.4693
2/15/2018,106.9869
2/16/2018,107.0359
2/19/2018,
2/20/2018,107.6248
2/21/2018,107.8679
2/22/2018,107.8668
2/23/2018,107.6802
2/26/2018,107.7345
2/27/2018,108.1729
2/28/2018,108.3901
3/1/2018,108.5357
3/2/2018,
3/5/2018,108.3617
3/6/2018,107.7972
3/7/2018,108.0916
3/8/2018,108.2673
3/9/2018,107.9231
3/12/2018,107.9439
3/13/2018,107.7387
3/14/2018,107.8625
3/15/2018,108.2033
3/16/2018,108.4333
3/19/2018,108.3146
3/20/2018,108.4953
3/21/2018,
3/22/2018,107.9934
3/23/2018,107.7495
3/26/2018,107.182
3/27/2018,107.3361
3/28/2018,107.5733
3/29/2018,107.665
3/30/2018,107.4783
4/2/2018,107.7031
4/3/2018,107.5621
4/4/2018,107.636
4/5/2018,107.7279
4/6/2018,107.7884
4/9/2018,107.5312
4/10/2018,107.3651
4/11/2018,107.1216
4/12/2018,107.2897
4/13/2018,107.2359
4/16/2018,107.0588
4/17/2018,107.0335
4/18/2018,107.1091
4/19/2018,107.5191
4/20/2018,108.1782
4/23/2018,108.9328
4/24/2018,108.7903
4/25/2018,109.3443
4/26/2018,109.3639
4/27/2018,109.1729
4/30/2018,109.3356
5/1/2018,109.7437
5/2/2018,110.1616
5/3/2018,110.1796
5/4/2018,110.2492
5/7/2018,110.5713
5/8/2018,111.062
5/9/2018,110.8807
5/10/2018,110.4041
5/11/2018,110.2839
5/14/2018,110.4073
5/15/2018,111.2283
5/16/2018,111.3057
5/17/2018,111.3537
5/18/2018,111.7161
5/21/2018,111.6385
5/22/2018,111.1934
5/23/2018,111.6919
5/24/2018,111.4871
5/25/2018,111.5828
5/28/2018,
5/29/2018,112.2108
5/30/2018,111.6717
5/31/2018,111.988
6/1/2018,111.8253
6/4/2018,111.8235
6/5/2018,112.2628
6/6/2018,111.7517
6/7/2018,112.0719
6/8/2018,112.1057
6/11/2018,112.1097
6/12/2018,112.2129
6/13/2018,112.2569
6/14/2018,112.8581
6/15/2018,113.3369
6/18/2018,113.4889
6/19/2018,113.6379
6/20/2018,113.4774
6/21/2018,113.61
6/22/2018,113.3039
6/25/2018,113.2854
6/26/2018,113.301
6/27/2018,113.8964
6/28/2018,113.8399
6/29/2018,113.2583
7/2/2018,114.1669
7/3/2018,113.3217
7/4/2018,
7/5/2018,112.9756
7/6/2018,112.6426
7/9/2018,112.6423
7/10/2018,112.5792
7/11/2018,112.8582
7/12/2018,112.779
7/13/2018,113.0705
7/16/2018,112.8438
7/17/2018,113.1504
7/18/2018,113.3349
7/19/2018,113.9464
7/20/2018,113.3214
7/23/2018,113.4248
7/24/2018,113.2043
7/25/2018,112.9217
7/26/2018,112.9175
7/27/2018,112.8122
7/30/2018,112.6043
7/31/2018,112.7297
8/1/2018,112.8897
8/2/2018,113.1674
8/3/2018,113.0114
8/6/2018,113.2283
8/7/2018,112.9753
8/8/2018,113.1404
8/9/2018,113.3797
8/10/2018,114.2992
8/13/2018,114.8497
8/14/2018,114.6566
8/15/2018,115.1512
8/16/2018,114.6403
8/17/2018,114.5327
8/20/2018,114.3493
8/21/2018,113.8595
8/22/2018,113.6622
8/23/2018,114.0926
8/24/2018,113.598
8/27/2018,113.2717
8/28/2018,113.3441
8/29/2018,113.6458
8/30/2018,114.0895
8/31/2018,114.275
9/3/2018,
9/4/2018,114.858
9/5/2018,114.7474
9/6/2018,114.6473
9/7/2018,114.5807
9/10/2018,114.6793
9/11/2018,114.7044
9/12/2018,114.2185
9/13/2018,113.9264
9/14/2018,114.0654
9/17/2018,113.9154
9/18/2018,113.7735
9/19/2018,113.6528
9/20/2018,113.4986
9/21/2018,113.5097
9/24/2018,113.53
9/25/2018,113.7203
9/26/2018,113.6738
9/27/2018,113.9782
9/28/2018,113.8072
10/1/2018,113.8227
10/2/2018,113.8946
10/3/2018,114.1559
10/4/2018,114.6857
10/5/2018,114.5599
10/8/2018,
10/9/2018,114.6568
10/10/2018,114.6059
10/11/2018,114.4062
10/12/2018,114.368
10/15/2018,114.044
10/16/2018,113.8952
10/17/2018,114.1743
10/18/2018,114.8152
10/19/2018,114.8557
10/22/2018,115.1772
10/23/2018,115.1641
10/24/2018,115.3743
10/25/2018,115.4818
10/26/2018,115.4717
10/29/2018,115.8925
10/30/2018,116.2346
10/31/2018,116.5268
11/1/2018,115.8643
11/2/2018,115.6415
11/5/2018,115.7015
11/6/2018,115.5607
11/7/2018,115.2505
11/8/2018,115.6463
11/9/2018,116.4762
11/12/2018,
11/13/2018,116.6676
11/14/2018,116.4964
11/15/2018,116.3849
11/16/2018,115.9246
11/19/2018,115.985
11/20/2018,116.2357
11/21/2018,116.0911
11/22/2018,
11/23/2018,116.4703
11/26/2018,116.6198
11/27/2018,116.8991
11/28/2018,116.8333
11/29/2018,116.1954
11/30/2018,116.4121
12/3/2018,115.9046
12/4/2018,116.0015
12/5/2018,
12/6/2018,116.3983
12/7/2018,116.0839
12/10/2018,116.6739
12/11/2018,116.7556
12/12/2018,116.2205
12/13/2018,116.3967
12/14/2018,116.7891
12/17/2018,116.4524
12/18/2018,116.4122
12/19/2018,116.0672
12/20/2018,116.0179
12/21/2018,116.2221
12/24/2018,116.2177
12/25/2018,
12/26/2018,116.1156
12/27/2018,115.9922
12/28/2018,115.7226
12/31/2018,115.5667
1/1/2019,
1/2/2019,115.7676
1/3/2019,115.4611
1/4/2019,114.9813
1/7/2019,114.5621
1/8/2019,114.7272
1/9/2019,114.1394
1/10/2019,114.048
1/11/2019,114.0383
1/14/2019,
1/15/2019,114.3374
1/16/2019,114.1341
1/17/2019,114.4087
1/18/2019,114.5555
1/21/2019,
1/22/2019,114.7515
1/23/2019,114.5732
1/24/2019,114.614
1/25/2019,114.0168
1/28/2019,114.0493
1/29/2019,114.0227
1/30/2019,114.0705
1/31/2019,113.5476
2/1/2019,113.7524
2/4/2019,113.8738
2/5/2019,114.0404
2/6/2019,114.2275
2/7/2019,114.4308
2/8/2019,114.4975
2/11/2019,115.0288
2/12/2019,114.7278
2/13/2019,114.9388
2/14/2019,115.0984
2/15/2019,114.9899
2/18/2019,
2/19/2019,114.5676
2/20/2019,
2/21/2019,114.507
2/22/2019,114.2692
2/25/2019,114.1432
2/26/2019,114.0662
2/27/2019,114.0337
2/28/2019,114.1971
3/1/2019,114.535
3/4/2019,114.6903
3/5/2019,114.8019
3/6/2019,114.9697
3/7/2019,115.4905
3/8/2019,115.3585
3/11/2019,115.2953
3/12/2019,114.9376
3/13/2019,114.7361
3/14/2019,114.7891
3/15/2019,114.5808
3/18/2019,114.4368
3/19/2019,114.2313
3/20/2019,114.1497
3/21/2019,114.1672
3/22/2019,114.6845
3/25/2019,114.4158
3/26/2019,114.6404
3/27/2019,115.1236
3/28/2019,115.2575
3/29/2019,115.1364
4/1/2019,114.935
4/2/2019,115.1164
4/3/2019,114.7204
4/4/2019,114.9687
4/5/2019,114.9714
4/8/2019,114.6879
4/9/2019,114.5307
4/10/2019,114.4255
4/11/2019,114.629
4/12/2019,114.3517
4/15/2019,114.4936
4/16/2019,114.6745
4/17/2019,114.5128
4/18/2019,114.7057
4/19/2019,114.6961
4/22/2019,114.7679
4/23/2019,115.1563
4/24/2019,115.4172
4/25/2019,115.7692
4/26/2019,115.4749
4/29/2019,115.5213
4/30/2019,115.3268
5/1/2019,115.0008
5/2/2019,115.5607
5/3/2019,115.2635
5/6/2019,115.38
5/7/2019,115.6104
5/8/2019,115.5161
5/9/2019,115.8414
5/10/2019,115.5327
5/13/2019,115.9142
5/14/2019,115.942
5/15/2019,115.8561
5/16/2019,116.0343
5/17/2019,116.4481
5/20/2019,116.3126
5/21/2019,116.2847
5/22/2019,116.2414
5/23/2019,116.2369
5/24/2019,116.0809
5/27/2019,
5/28/2019,116.3178
5/29/2019,116.5533
5/30/2019,116.3986
5/31/2019,116.7279
6/3/2019,116.4777
6/4/2019,116.0919
6/5/2019,116.0309
6/6/2019,115.9788
6/7/2019,115.7386
6/10/2019,115.5012
6/11/2019,115.3803
6/12/2019,115.4388
6/13/2019,115.6281
6/14/2019,115.9059
6/17/2019,115.9687
6/18/2019,115.8798
6/19/2019,115.7891
6/20/2019,114.8046
6/21/2019,114.8378
6/24/2019,114.6568
6/25/2019,114.6373
6/26/2019,114.5619
6/27/2019,114.6663
6/28/2019,114.5834
7/1/2019,114.7247
7/2/2019,114.8268
7/3/2019,114.8145
7/4/2019,
7/5/2019,115.1143
7/8/2019,115.0263
7/9/2019,115.1026
7/10/2019,115.0897
7/11/2019,114.8375
7/12/2019,114.7696
7/15/2019,114.6831
7/16/2019,115.0124
7/17/2019,114.8829
7/18/2019,114.8751
7/19/2019,114.8702
7/22/2019,115.0026
7/23/2019,115.3001
7/24/2019,115.2441
7/25/2019,115.2987
7/26/2019,115.5454
7/29/2019,115.5896
7/30/2019,115.6222
7/31/2019,115.4955
8/1/2019,116.0509
8/2/2019,116.1874
8/5/2019,116.587
8/6/2019,116.6921
8/7/2019,116.8003
8/8/2019,116.4756
8/9/2019,116.4432
8/12/2019,116.7567
8/13/2019,116.7283
8/14/2019,117.0926
8/15/2019,117.2247
8/16/2019,117.0796
8/19/2019,117.39
8/20/2019,117.3738
8/21/2019,117.1778
8/22/2019,117.357
8/23/2019,117.3027
8/26/2019,117.668
8/27/2019,117.7525
8/28/2019,117.8792
8/29/2019,118.0652
8/30/2019,118.16
9/2/2019,
9/3/2019,118.313
9/4/2019,117.6745
9/5/2019,117.4791
9/6/2019,117.1305
9/9/2019,117.0617
9/10/2019,117.09
9/11/2019,117.3138
9/12/2019,116.8391
9/13/2019,116.769
9/16/2019,117.0261
9/17/2019,116.9839
9/18/2019,116.9779
9/19/2019,117.0877
9/20/2019,117.1835
9/23/2019,117.3006
9/24/2019,117.2247
9/25/2019,117.6549
9/26/2019,117.729
9/27/2019,117.7246
9/30/2019,117.9488
10/1/2019,117.9621
10/2/2019,117.9694
10/3/2019,117.6628
10/4/2019,117.5306
10/7/2019,117.5552
10/8/2019,117.7423
10/9/2019,117.6854
10/10/2019,117.282
10/11/2019,116.8257
10/14/2019,
10/15/2019,116.8122
10/16/2019,116.6438
10/17/2019,116.2631
10/18/2019,116.1359
10/21/2019,116.0453
10/22/2019,115.9868
10/23/2019,116.0601
10/24/2019,116.1291
10/25/2019,116.0788
10/28/2019,116.0236
10/29/2019,115.9811
10/30/2019,116.1649
10/31/2019,115.9137
11/1/2019,115.7324
11/4/2019,115.8637
11/5/2019,116.1149
11/6/2019,116.1012
11/7/2019,116.1179
11/8/2019,116.344
11/11/2019,
11/12/2019,116.5843
11/13/2019,116.8404
11/14/2019,116.8031
11/15/2019,116.4409
11/18/2019,116.3634
11/19/2019,116.5402
11/20/2019,116.8293
11/21/2019,116.7447
11/22/2019,116.9148
11/25/2019,117.0109
11/26/2019,117.0529
11/27/2019,117.1292
11/28/2019,
11/29/2019,117.1218
12/2/2019,116.9664
12/3/2019,116.8916
12/4/2019,116.6938
12/5/2019,116.3857
12/6/2019,116.5394
12/9/2019,116.3296
12/10/2019,116.2557
12/11/2019,116.1492
12/12/2019,115.8755
12/13/2019,115.6976
12/16/2019,115.5559
12/17/2019,115.5561
12/18/2019,115.6627
12/19/2019,115.5997
12/20/2019,115.7604
12/23/2019,115.8066
12/24/2019,
12/25/2019,
12/26/2019,115.6347
12/27/2019,115.2207
12/30/2019,114.9639
12/31/2019,114.6697
1/1/2020,
1/2/2020,114.9746
1/3/2020,114.9862
1/6/2020,114.9552
1/7/2020,115.1467
1/8/2020,115.1318
1/9/2020,115.2325
1/10/2020,115.0671
1/13/2020,115.0337
1/14/2020,115.0233
1/15/2020,114.9526
1/16/2020,114.9999
1/17/2020,115.0642
1/20/2020,
1/21/2020,115.1865
1/22/2020,115.2264
1/23/2020,115.5537
1/24/2020,115.5545
1/27/2020,115.7994
1/28/2020,115.7226
1/29/2020,115.6986
1/30/2020,115.8065
1/31/2020,115.7342
2/3/2020,116.1176
2/4/2020,115.929
2/5/2020,116.0082
2/6/2020,116.1508
2/7/2020,116.5075
2/10/2020,116.5701
2/11/2020,116.3572
2/12/2020,116.2777
2/13/2020,116.398
2/14/2020,116.42
2/17/2020,
2/18/2020,116.6016
2/19/2020,116.7802
2/20/2020,117.2434
2/21/2020,117.0456
2/24/2020,117.401
2/25/2020,117.2417
2/26/2020,117.4048
2/27/2020,117.3686
2/28/2020,117.6573
3/2/2020,116.8148
3/3/2020,116.4958
3/4/2020,116.7799
3/5/2020,116.7913
3/6/2020,116.7132
3/9/2020,117.1927
3/10/2020,117.9082
3/11/2020,118.2564
3/12/2020,120.4945
3/13/2020,120.4439
3/16/2020,120.9417
3/17/2020,122.4875
3/18/2020,124.1693
3/19/2020,125.0662
3/20/2020,124.9425
3/23/2020,126.1342
3/24/2020,125.5092
3/25/2020,124.7995
3/26/2020,122.4384
3/27/2020,122.4097
3/30/2020,123.2997
3/31/2020,122.5394
4/1/2020,123.8033
4/2/2020,123.5994
4/3/2020,124.4237
4/6/2020,124.1692
4/7/2020,123.1038
4/8/2020,123.2299
4/9/2020,122.4834
4/10/2020,122.1668
4/13/2020,122.5282
4/14/2020,122.1204
4/15/2020,123.084
4/16/2020,123.4698
4/17/2020,122.8791
4/20/2020,123.1121
4/21/2020,123.9207
4/22/2020,123.9354
4/23/2020,123.7645
4/24/2020,124.172
4/27/2020,123.8954
4/28/2020,123.3794
4/29/2020,122.7877
4/30/2020,122.3375
5/1/2020,123.1615
5/4/2020,123.2224
5/5/2020,122.8117
5/6/2020,123.6188
5/7/2020,123.1339
5/8/2020,122.5465
5/11/2020,123.2423
5/12/2020,123.0694
5/13/2020,123.5512
5/14/2020,123.6524
5/15/2020,123.608
5/18/2020,122.8055
5/19/2020,122.5744
5/20/2020,122.1093
5/21/2020,122.099
5/22/2020,122.3278
5/25/2020,
5/26/2020,121.3933
5/27/2020,121.5741
5/28/2020,121.0207
5/29/2020,120.953
6/1/2020,120.2753
6/2/2020,119.692
6/3/2020,119.2625
6/4/2020,119.3094
6/5/2020,118.8202
6/8/2020,118.6687
6/9/2020,118.5967
6/10/2020,118.5307
6/11/2020,119.2435
6/12/2020,119.6719
6/15/2020,119.9622
6/16/2020,119.5744
6/17/2020,119.918
6/18/2020,120.2252
6/19/2020,120.226
6/22/2020,119.7613
6/23/2020,119.3372
6/24/2020,119.9834
6/25/2020,120.3089
6/26/2020,120.5425
6/29/2020,120.6757
6/30/2020,120.4746
7/1/2020,120.0902
7/2/2020,119.8648
7/3/2020,
7/6/2020,119.2941
7/7/2020,119.5814
7/8/2020,119.5625
7/9/2020,119.5221
7/10/2020,119.3601
7/13/2020,119.1984
7/14/2020,119.3999
7/15/2020,119.0423
7/16/2020,118.9368
7/17/2020,119.134
7/20/2020,119.0588
7/21/2020,118.4145
7/22/2020,118.1446
7/23/2020,118.0724
7/24/2020,118.1445
7/27/2020,117.3982
7/28/2020,117.3301
7/29/2020,117.2242
7/30/2020,117.4133
7/31/2020,117.2208
8/3/2020,117.8199
8/4/2020,117.7962
8/5/2020,116.8865
8/6/2020,117.055
8/7/2020,117.6365
8/10/2020,117.5946
8/11/2020,117.3902
8/12/2020,117.2679
8/13/2020,117.1313
8/14/2020,116.9512
8/17/2020,116.7609
8/18/2020,116.5722
8/19/2020,116.5789
8/20/2020,116.8243
8/21/2020,117.0682
8/24/2020,116.9238
8/25/2020,116.8324
8/26/2020,116.6358
8/27/2020,116.6614
8/28/2020,115.9506
8/31/2020,115.7717
9/1/2020,115.5814
9/2/2020,116.0423
9/3/2020,116.0799
9/4/2020,116.0457
9/7/2020,
9/8/2020,116.4725
9/9/2020,116.1396
9/10/2020,115.8906
9/11/2020,116.0963
9/14/2020,115.6523
9/15/2020,115.5996
9/16/2020,115.3623
9/17/2020,115.4476
9/18/2020,115.248
9/21/2020,116.3873
9/22/2020,116.5529
9/23/2020,117.2631
9/24/2020,117.5578
9/25/2020,117.8786
9/28/2020,117.629
9/29/2020,117.5379
9/30/2020,116.957
10/1/2020,116.7339
10/2/2020,116.7424
10/5/2020,116.187
10/6/2020,116.2781
10/7/2020,116.3548
10/8/2020,116.1753
10/9/2020,115.2843
10/12/2020,
10/13/2020,115.9193
10/14/2020,115.6959
10/15/2020,116.1046
10/16/2020,115.7754
10/19/2020,115.4109
10/20/2020,115.2558
10/21/2020,114.9185
10/22/2020,115.1234
10/23/2020,115.0198
10/26/2020,115.2872
10/27/2020,115.0206
10/28/2020,115.8099
10/29/2020,116.3138
10/30/2020,116.1417
11/2/2020,116.2425
11/3/2020,115.4864
11/4/2020,115.1733
11/5/2020,114.4615
11/6/2020,113.9977
11/9/2020,114.0942
11/10/2020,114.0802
11/11/2020,
11/12/2020,114.2889
11/13/2020,114.2445
11/16/2020,113.8356
11/17/2020,113.6864
11/18/2020,113.4645
11/19/2020,113.6982
11/20/2020,113.4932
11/23/2020,113.759
11/24/2020,113.4361
11/25/2020,113.1871
11/26/2020,
11/27/2020,
11/30/2020,113.2308
12/1/2020,112.8122
12/2/2020,112.6174
12/3/2020,112.0293
12/4/2020,111.7826
12/7/2020,111.8431
12/8/2020,111.8684
12/9/2020,112.0353
12/10/2020,111.9839
12/11/2020,112.1469
12/14/2020,112.177
12/15/2020,111.866
12/16/2020,111.7215
12/17/2020,111.2286
12/18/2020,111.6136
12/21/2020,111.9477
12/22/2020,112.201
12/23/2020,111.9873
12/24/2020,
12/25/2020,
12/28/2020,111.9821
12/29/2020,111.524
12/30/2020,111.3156
12/31/2020,111.324
1/1/2021,
1/4/2021,111.2143
1/5/2021,110.9649
1/6/2021,110.8573
1/7/2021,111.3124
1/8/2021,111.293
1/11/2021,111.8342
1/12/2021,111.5584
1/13/2021,111.3702
1/14/2021,111.1639
1/15/2021,111.5168
1/18/2021,
1/19/2021,111.4591
1/20/2021,
1/21/2021,111.2044
1/22/2021,111.5602
1/25/2021,111.8767
1/26/2021,111.6661
1/27/2021,112.0876
1/28/2021,112.015
1/29/2021,111.9604
2/1/2021,112.4282
2/2/2021,112.2937
2/3/2021,112.2648
2/4/2021,112.756
2/5/2021,112.2463
2/8/2021,112.0512
2/9/2021,111.7768
2/10/2021,111.5929
2/11/2021,111.5364
2/12/2021,111.4981
2/15/2021,
2/16/2021,111.7984
2/17/2021,112.03
2/18/2021,112.1718
2/19/2021,111.7179
2/22/2021,111.9316
2/23/2021,111.911
2/24/2021,111.7339
2/25/2021,111.9402
2/26/2021,112.8433
3/1/2021,112.538
3/2/2021,112.5472
3/3/2021,112.7761
3/4/2021,112.717
3/5/2021,113.7626
3/8/2021,114.2824
3/9/2021,113.9431
3/10/2021,113.6015
3/11/2021,112.9345
3/12/2021,113.0403
3/15/2021,113.2065
3/16/2021,112.997
3/17/2021,113.1726
3/18/2021,112.7872
3/19/2021,112.9877
3/22/2021,113.0154
3/23/2021,113.3038
3/24/2021,113.669
3/25/2021,114.014
3/26/2021,113.7532
3/29/2021,113.9447
3/30/2021,114.2152
3/31/2021,113.8351
4/1/2021,113.7504
4/2/2021,113.7429
4/5/2021,113.406
4/6/2021,113.1575
4/7/2021,113.254
4/8/2021,113.1015
4/9/2021,113.2132
4/12/2021,113.1916
4/13/2021,113.0489
4/14/2021,112.7951
4/15/2021,112.6274
4/16/2021,112.4913
4/19/2021,112.1929
4/20/2021,112.2444
4/21/2021,112.1862
4/22/2021,112.2385
4/23/2021,112.0981
4/26/2021,111.8207
4/27/2021,111.9203
4/28/2021,111.8015
4/29/2021,111.7583
4/30/2021,112.0959
5/3/2021,112.0176
5/4/2021,112.3021
5/5/2021,112.1639
5/6/2021,111.8525
5/7/2021,111.0372
5/10/2021,110.803
5/11/2021,110.904
5/12/2021,111.5762
5/13/2021,111.6079
5/14/2021,111.1476
5/17/2021,111.0913
5/18/2021,110.8446
5/19/2021,110.8933
5/20/2021,110.8741
5/21/2021,111.0714
5/24/2021,110.9254
5/25/2021,110.8557
5/26/2021,110.8814
5/27/2021,110.8829
5/28/2021,110.7711
5/31/2021,
6/1/2021,110.5179
6/2/2021,110.5924
6/3/2021,111.1905
6/4/2021,110.7645
6/7/2021,110.5275
6/8/2021,110.6608
6/9/2021,110.582
6/10/2021,110.557
6/11/2021,111.1052
6/14/2021,110.9779
6/15/2021,111.3634
6/16/2021,111.1287
6/17/2021,112.5881
6/18/2021,113.0517
6/21/2021,112.8506
6/22/2021,112.929
6/23/2021,112.3931
6/24/2021,112.3357
6/25/2021,111.9742
6/28/2021,112.033
6/29/2021,112.2692
6/30/2021,112.5613
7/1/2021,112.7484
7/2/2021,112.5507
7/5/2021,
7/6/2021,112.9602
7/7/2021,113.1136
7/8/2021,113.0863
7/9/2021,112.8468
7/12/2021,112.7701
7/13/2021,113.0153
7/14/2021,112.8885
7/15/2021,113.0122
7/16/2021,113.0504
7/19/2021,113.5547
7/20/2021,113.7582
7/21/2021,113.4018
7/22/2021,113.4788
7/23/2021,113.4486
7/26/2021,113.2335
7/27/2021,113.2321
7/28/2021,113.1899
7/29/2021,112.4927
7/30/2021,112.6808
8/2/2021,112.6784
8/3/2021,112.8331
8/4/2021,112.906
8/5/2021,112.778
8/6/2021,113.3192
8/9/2021,113.4625
8/10/2021,113.5072
8/11/2021,113.2917
8/12/2021,113.278
8/13/2021,113.0708
8/16/2021,113.179
8/17/2021,113.6263
8/18/2021,113.705
8/19/2021,114.1195
8/20/2021,114.5108
8/23/2021,113.9526
8/24/2021,113.6899
8/25/2021,113.6424
8/26/2021,113.7986
8/27/2021,113.3511
8/30/2021,113.256
8/31/2021,113.1175
9/1/2021,112.8832
9/2/2021,112.7966
9/3/2021,112.558
9/6/2021,
9/7/2021,112.9892
9/8/2021,113.2414
9/9/2021,113.053
9/10/2021,112.9519
9/13/2021,113.0432
9/14/2021,113.0151
9/15/2021,112.9862
9/16/2021,113.3122
9/17/2021,113.6074
9/20/2021,113.9511
9/21/2021,113.8266
9/22/2021,113.631
9/23/2021,113.5224
9/24/2021,113.7694
9/27/2021,113.7532
9/28/2021,114.2571
9/29/2021,114.7191
9/30/2021,114.6504
10/1/2021,114.3899
10/4/2021,114.2847
10/5/2021,114.3767
10/6/2021,114.7292
10/7/2021,114.5156
10/8/2021,114.6108
10/11/2021,
10/12/2021,114.7667
10/13/2021,114.4827
10/14/2021,114.2181
10/15/2021,114.1033
10/18/2021,114.0022
10/19/2021,113.6595
10/20/2021,113.521
10/21/2021,113.6322
10/22/2021,113.6828
10/25/2021,113.6172
10/26/2021,113.6863
10/27/2021,113.6342
10/28/2021,113.453
10/29/2021,114.149
11/1/2021,114.2231
11/2/2021,114.2997
11/3/2021,114.3754
11/4/2021,114.37
11/5/2021,114.0865
11/8/2021,113.8391
11/9/2021,113.7746
11/10/2021,114.1611
11/11/2021,
11/12/2021,114.5263
11/15/2021,114.6003
11/16/2021,115.149
11/17/2021,115.039
11/18/2021,115.0811
11/19/2021,115.2318
11/22/2021,115.6615
11/23/2021,116.026
11/24/2021,116.2855
11/25/2021,
11/26/2021,116.5259
11/29/2021,116.596
11/30/2021,116.2206
12/1/2021,115.9026
12/2/2021,116.0313
12/3/2021,116.2511
12/6/2021,116.1663
12/7/2021,115.8676
12/8/2021,115.4541
12/9/2021,115.7904
12/10/2021,115.5852
12/13/2021,115.8538
12/14/2021,116.252
12/15/2021,116.4342
12/16/2021,115.7267
12/17/2021,115.8022
12/20/2021,116.0206
12/21/2021,116.1208
12/22/2021,115.7612
12/23/2021,115.5469
12/24/2021,
12/27/2021,115.4821
12/28/2021,115.4327
12/29/2021,115.3819
12/30/2021,115.2969
12/31/2021,
1/3/2022,115.4243
1/4/2022,115.3263
1/5/2022,115.1524
1/6/2022,115.4189
1/7/2022,115.0596
1/10/2022,115.235
1/11/2022,114.8467
1/12/2022,114.3713
1/13/2022,114.1934
1/14/2022,114.3968
1/17/2022,
1/18/2022,114.7513
1/19/2022,114.6254
1/20/2022,114.4779
1/21/2022,114.6261
1/24/2022,115.2165
1/25/2022,115.1779
1/26/2022,115.1044
1/27/2022,115.9874
1/28/2022,116.049
1/31/2022,115.5742
2/1/2022,115.3775
2/2/2022,115.1643
2/3/2022,114.9175
2/4/2022,115.1473
2/7/2022,115.0209
2/8/2022,115.0999
2/9/2022,114.8329
2/10/2022,114.5618
2/11/2022,114.8489
2/14/2022,115.2008
2/15/2022,114.9357
2/16/2022,114.6954
2/17/2022,114.682
2/18/2022,114.8036
2/21/2022,
2/22/2022,114.7054
2/23/2022,114.6718
2/24/2022,115.9478
2/25/2022,115.2633
2/28/2022,115.2317
3/1/2022,115.8062
3/2/2022,115.7727
3/3/2022,115.9592
3/4/2022,116.661
3/7/2022,117.3406
3/8/2022,117.6281
3/9/2022,116.6057
3/10/2022,116.75
3/11/2022,117.0294
3/14/2022,117.1594
3/15/2022,117.2533
3/16/2022,116.8135
3/17/2022,116.0544
3/18/2022,116.1447
3/21/2022,115.9467
3/22/2022,116.0888
3/23/2022,116.0101
3/24/2022,115.9651
3/25/2022,115.7953
3/28/2022,116.1953
3/29/2022,115.572
3/30/2022,115.0857
3/31/2022,115.2254
4/1/2022,115.4835
4/4/2022,115.4121
4/5/2022,115.7328
4/6/2022,116.002
4/7/2022,116.3541
4/8/2022,116.42
4/11/2022,116.5423
4/12/2022,116.387
4/13/2022,116.2793
4/14/2022,116.7552
4/15/2022,116.7011
4/18/2022,116.8427
4/19/2022,117.1322
4/20/2022,116.7325
4/21/2022,117.1454
4/22/2022,118.0205
4/25/2022,118.6298
4/26/2022,118.9658
4/27/2022,119.472
4/28/2022,120.0703
4/29/2022,119.4936
5/2/2022,119.8827
5/3/2022,119.7037
5/4/2022,119.5567
5/5/2022,120.0043
5/6/2022,119.8544
5/9/2022,120.4949
5/10/2022,120.7716
5/11/2022,120.3896
5/12/2022,121.273
5/13/2022,120.8379
5/16/2022,120.6812
5/17/2022,119.8816
5/18/2022,120.022
5/19/2022,119.4244
5/20/2022,119.3617
5/23/2022,118.712
5/24/2022,118.6208
5/25/2022,118.9561
5/26/2022,118.7671
5/27/2022,118.2796
5/30/2022,
5/31/2022,118.0689
6/1/2022,118.6936
6/2/2022,118.0642
6/3/2022,118.2138
6/6/2022,118.3053
6/7/2022,118.4401
6/8/2022,118.3944
6/9/2022,118.9193
6/10/2022,119.9942
6/13/2022,121.1517
6/14/2022,121.6668
6/15/2022,121.6382
6/16/2022,120.6755
6/17/2022,121.2389
6/20/2022,
6/21/2022,120.646
6/22/2022,120.5232
6/23/2022,120.7646
6/24/2022,120.4897
6/27/2022,120.1789
6/28/2022,120.6254
6/29/2022,120.9689
6/30/2022,120.9718
7/1/2022,121.5123
7/4/2022,
7/5/2022,122.6276
7/6/2022,123.0165
7/7/2022,122.7336
7/8/2022,122.4724
7/11/2022,123.3062
7/12/2022,123.4612
7/13/2022,123.293
7/14/2022,124.0717
7/15/2022,123.4842
7/18/2022,122.78
7/19/2022,122.4922
7/20/2022,122.6096
7/21/2022,122.9169
7/22/2022,122.4643
7/25/2022,122.4721
7/26/2022,122.7698
7/27/2022,122.8281
7/28/2022,122.1267
7/29/2022,121.7793
8/1/2022,121.4218
8/2/2022,121.9609
8/3/2022,122.4002
8/4/2022,121.8436
8/5/2022,122.33
8/8/2022,121.8887
8/9/2022,121.8719
8/10/2022,120.7648
8/11/2022,120.7281
8/12/2022,121.0272
8/15/2022,121.4382
8/16/2022,121.6889
8/17/2022,122.0802
8/18/2022,122.3722
8/19/2022,123.0596
8/22/2022,123.6123
8/23/2022,123.0617
8/24/2022,123.1136
8/25/2022,123.0645
8/26/2022,123.0709
8/29/2022,123.4739
8/30/2022,123.6893
8/31/2022,123.5407
9/1/2022,124.4045
9/2/2022,123.7771
9/5/2022,
9/6/2022,124.7719
9/7/2022,124.8457
9/8/2022,124.584
9/9/2022,123.7954
9/12/2022,123.3441
9/13/2022,124.4342
9/14/2022,124.4593
9/15/2022,124.8944
9/16/2022,124.8879
9/19/2022,125.0177
9/20/2022,125.1324
9/21/2022,125.7464
9/22/2022,126.1668
9/23/2022,127.2867
9/26/2022,128.4544
9/27/2022,128.4399
9/28/2022,128.0937
9/29/2022,127.5463
9/30/2022,127.5159
10/3/2022,127.0793
10/4/2022,126.184
10/5/2022,126.863
10/6/2022,127.2481
10/7/2022,127.3093
10/10/2022,
10/11/2022,127.6614
10/12/2022,128.1456
10/13/2022,127.7276
10/14/2022,128.3303
10/17/2022,127.6478
10/18/2022,127.9184
10/19/2022,128.3992
10/20/2022,128.0084
10/21/2022,127.6758
10/24/2022,128.0351
10/25/2022,127.384
10/26/2022,126.481
10/27/2022,126.7102
10/28/2022,127.2196
10/31/2022,127.6272
11/1/2022,127.4011
11/2/2022,127.3138
11/3/2022,128.1712
11/4/2022,127.149
11/7/2022,126.3098
11/8/2022,125.64
11/9/2022,125.9926
11/10/2022,124.7142
11/11/2022,
11/14/2022,123.4425
11/15/2022,123.0534
11/16/2022,123.2964
11/17/2022,123.9929
11/18/2022,123.8678
11/21/2022,124.7143
11/22/2022,124.251
11/23/2022,123.7739
11/24/2022,
11/25/2022,123.3547
11/28/2022,123.6181
11/29/2022,123.6703
11/30/2022,123.5276
12/1/2022,122.0147
12/2/2022,122.0218
12/5/2022,122.6511
12/6/2022,123.0319
12/7/2022,122.7716
12/8/2022,122.4275
12/9/2022,122.4343
12/12/2022,122.7861
12/13/2022,121.8644
12/14/2022,121.8391
12/15/2022,122.5684
12/16/2022,122.6647
12/19/2022,122.5438
12/20/2022,122.1502
12/21/2022,122.2965
12/22/2022,122.2525
12/23/2022,121.9843
12/26/2022,
12/27/2022,121.767
12/28/2022,122.02
12/29/2022,121.6713
12/30/2022,121.4392
1/2/2023,
1/3/2023,122.0844
1/4/2023,121.5108
1/5/2023,122.0786
1/6/2023,121.0814
1/9/2023,120.1403
1/10/2023,120.234
1/11/2023,120.1445
1/12/2023,119.4108
1/13/2023,119.1422
1/16/2023,
1/17/2023,119.2186
1/18/2023,119.08
1/19/2023,119.6033
1/20/2023,119.3588
1/23/2023,119.1671
1/24/2023,119.1174
1/25/2023,118.995
1/26/2023,119.0472
1/27/2023,118.9521
1/30/2023,118.9079
1/31/2023,118.991
2/1/2023,118.6396
2/2/2023,118.349
2/3/2023,119.5014
2/6/2023,120.5116
2/7/2023,120.3298
2/8/2023,120.139
2/9/2023,119.9785
2/10/2023,120.1531
2/13/2023,120.0145
2/14/2023,119.9601
2/15/2023,120.4926
2/16/2023,120.5069
2/17/2023,120.6023
2/20/2023,
2/21/2023,120.678
2/22/2023,120.8969
2/23/2023,121.141
2/24/2023,121.6297
2/27/2023,121.4656
2/28/2023,121.4062
3/1/2023,120.6971
3/2/2023,121.1949
3/3/2023,120.8468
3/6/2023,120.5776
3/7/2023,121.531
3/8/2023,121.5222
3/9/2023,121.5225
3/10/2023,121.2963
3/13/2023,120.9157
3/14/2023,121.052
3/15/2023,122.1149
3/16/2023,121.751
3/17/2023,121.5923
3/20/2023,121.0637
3/21/2023,120.9535
3/22/2023,120.6883
3/23/2023,119.8174
3/24/2023,120.5106
3/27/2023,120.3239
3/28/2023,119.7987
3/29/2023,119.8223
3/30/2023,119.5103
3/31/2023,119.4611
4/3/2023,119.4342
4/4/2023,119.2641
4/5/2023,119.4068
4/6/2023,119.4229
4/7/2023,119.4673
4/10/2023,119.8962
4/11/2023,119.6409
4/12/2023,119.1341
4/13/2023,118.5376
4/14/2023,118.983
4/17/2023,119.3981
4/18/2023,119.2345
4/19/2023,119.4377
4/20/2023,119.2525
4/21/2023,119.4472
4/24/2023,119.3486
4/25/2023,119.7551
4/26/2023,119.4758
4/27/2023,119.5754
4/28/2023,119.376
5/1/2023,119.5845
5/2/2023,119.7514
5/3/2023,119.2773
5/4/2023,119.19
5/5/2023,118.7184
5/8/2023,118.7415
5/9/2023,118.984
5/10/2023,118.7561
5/11/2023,119.1902
5/12/2023,119.5206
5/15/2023,119.3288
5/16/2023,119.3567
5/17/2023,119.7849
5/18/2023,120.2642
5/19/2023,119.9479
5/22/2023,120.2609
5/23/2023,120.4913
5/24/2023,120.6481
5/25/2023,121.0126
5/26/2023,120.8022
5/29/2023,
5/30/2023,120.7387
5/31/2023,121.1527
6/1/2023,120.2628
6/2/2023,120.2102
6/5/2023,120.2175
6/6/2023,120.1906
6/7/2023,120.0893
6/8/2023,119.8069
6/9/2023,119.6781
6/12/2023,119.889
6/13/2023,119.4641
6/14/2023,119.0646
6/15/2023,118.8447
6/16/2023,118.7168
6/19/2023,
6/20/2023,119.2458
6/21/2023,119.0438
6/22/2023,119.074
6/23/2023,119.4584
6/26/2023,119.4123
6/27/2023,119.235
6/28/2023,119.6759
6/29/2023,119.8659
6/30/2023,119.7118
7/3/2023,119.5618
7/4/2023,
7/5/2023,119.6971
7/6/2023,120.1579
7/7/2023,119.4293
7/10/2023,119.3179
7/11/2023,119.0891
7/12/2023,118.0104
7/13/2023,117.5569
7/14/2023,117.4209
7/17/2023,117.5139
7/18/2023,117.4145
7/19/2023,117.745
7/20/2023,117.9615
7/21/2023,118.3072
7/24/2023,118.1812
7/25/2023,118.1978
7/26/2023,118.1097
7/27/2023,118.2497
7/28/2023,118.1429
7/31/2023,118.1738
8/1/2023,118.9156
8/2/2023,119.4622
8/3/2023,119.7123
8/4/2023,119.1684
8/7/2023,119.4297
8/8/2023,119.987
8/9/2023,119.8273
8/10/2023,119.5248
8/11/2023,119.9929
8/14/2023,120.4451
8/15/2023,120.5927
8/16/2023,120.7308
8/17/2023,120.8924
8/18/2023,120.7937
8/21/2023,120.8271
8/22/2023,120.7274
8/23/2023,120.4036
8/24/2023,120.5987
8/25/2023,120.8752
8/28/2023,120.687
8/29/2023,120.6383
8/30/2023,120.187
8/31/2023,120.5882
9/1/2023,121.1011
9/4/2023,
9/5/2023,121.7785
9/6/2023,122.2029
9/7/2023,122.2903
9/8/2023,122.2933
9/11/2023,121.6757
9/12/2023,121.6301
9/13/2023,121.3981
9/14/2023,121.5744
9/15/2023,121.5361
9/18/2023,121.5414
9/19/2023,121.5175
9/20/2023,121.32
9/21/2023,121.8972
9/22/2023,121.8735
9/25/2023,122.4445
9/26/2023,122.795
9/27/2023,123.2947
9/28/2023,122.8562
9/29/2023,122.6332
10/2/2023,123.3573
10/3/2023,124.0624
10/4/2023,123.8848
10/5/2023,124.1752
10/6/2023,123.6561
10/9/2023,
10/10/2023,123.2437
10/11/2023,123.092
10/12/2023,123.5087
10/13/2023,123.8788
10/16/2023,123.621
10/17/2023,123.4334
10/18/2023,124.1001
10/19/2023,124.0861
10/20/2023,123.9049
10/23/2023,123.5935
10/24/2023,123.9249
10/25/2023,124.069
10/26/2023,124.285
10/27/2023,123.9145
10/30/2023,123.7044
10/31/2023,124.1229
11/1/2023,124.0801
11/2/2023,123.1995
11/3/2023,122.1006
11/6/2023,121.9692
11/7/2023,122.3882
11/8/2023,122.4055
11/9/2023,122.4434
11/10/2023,
11/13/2023,122.7389
11/14/2023,121.6865
11/15/2023,121.4035
11/16/2023,121.4953
11/17/2023,121.1657
11/20/2023,120.5653
11/21/2023,120.5182
11/22/2023,120.9757
11/23/2023,
11/24/2023,120.5285
11/27/2023,120.4893
11/28/2023,119.9174
11/29/2023,120.1246
11/30/2023,120.5421
12/1/2023,120.2542
12/4/2023,120.7669
12/5/2023,121.0731
12/6/2023,120.8348
12/7/2023,120.8938
12/8/2023,121.0499
12/11/2023,121.2212
12/12/2023,120.9825
12/13/2023,121.4667
12/14/2023,119.8952
12/15/2023,120.062
12/18/2023,120.2386
12/19/2023,119.8116
12/20/2023,119.8872
12/21/2023,119.6721
12/22/2023,119.4214
12/25/2023,
12/26/2023,119.2551
12/27/2023,118.8525
12/28/2023,118.762
12/29/2023,118.7686
1/1/2024,
1/2/2024,119.6165
1/3/2024,120.0407
1/4/2024,119.9775
1/5/2024,119.7474
1/8/2024,119.6237
1/9/2024,120.0296
1/10/2024,120.1258
1/11/2024,120.2516
1/12/2024,119.9009
1/15/2024,
1/16/2024,120.9213
1/17/2024,121.3823
1/18/2024,121.2366
1/19/2024,120.9947
1/22/2024,120.9687
1/23/2024,121.4244
1/24/2024,120.8336
1/25/2024,121.167
1/26/2024,120.9665
1/29/2024,121.1888
1/30/2024,120.9442
1/31/2024,120.7727
2/1/2024,120.6832
2/2/2024,121.2438
2/5/2024,121.6831
2/6/2024,121.3021
2/7/2024,121.2518
2/8/2024,121.4226
2/9/2024,121.3851
2/12/2024,121.2839
2/13/2024,121.8558
2/14/2024,121.7411
2/15/2024,121.5567
2/16/2024,121.4984
2/19/2024,
2/20/2024,121.3769
2/21/2024,121.3918
2/22/2024,121.4589
2/23/2024,121.3991
2/26/2024,121.4197
2/27/2024,121.3297
2/28/2024,121.4886
2/29/2024,121.5385
3/1/2024,121.3741
3/4/2024,121.2454
3/5/2024,121.2575
3/6/2024,120.8481
3/7/2024,120.5744
3/8/2024,120.3612
3/11/2024,120.4205
3/12/2024,120.5468
3/13/2024,120.3533
3/14/2024,120.6272
3/15/2024,120.7884
3/18/2024,120.9572
3/19/2024,121.3111
3/20/2024,121.3092
3/21/2024,121.1869
3/22/2024,121.5694
3/25/2024,121.4143
3/26/2024,121.4613
3/27/2024,121.4048
3/28/2024,121.4498
3/29/2024,121.4062
4/1/2024,121.8884
4/2/2024,121.6881
4/3/2024,121.4129
4/4/2024,121.1646
4/5/2024,121.3671
4/8/2024,121.1487
4/9/2024,121.1215
4/10/2024,121.9628
4/11/2024,122.003
4/12/2024,122.6566
4/15/2024,122.7932
4/16/2024,123.4732
4/17/2024,123.375
4/18/2024,123.3481
4/19/2024,123.4459
4/22/2024,123.4011
4/23/2024,123.0779
4/24/2024,123.2398
4/25/2024,123.1916
4/26/2024,123.3004
4/29/2024,122.9074
4/30/2024,123.3446
5/1/2024,123.3776
5/2/2024,122.8047
5/3/2024,122.5056
5/6/2024,122.2529
5/7/2024,122.4588
5/8/2024,122.5562
5/9/2024,122.5322
5/10/2024,122.3898
5/13/2024,122.4068
5/14/2024,122.3094
5/15/2024,121.7471
5/16/2024,121.6189
5/17/2024,121.638
5/20/2024,121.6377
5/21/2024,121.7864
5/22/2024,121.9514
5/23/2024,122.1493
5/24/2024,122.0215
5/27/2024,
5/28/2024,121.8382
5/29/2024,122.5535
5/30/2024,122.356
5/31/2024,122.4845
6/3/2024,122.7156
6/4/2024,123.0715
6/5/2024,122.9014
6/6/2024,122.7416
6/7/2024,123.8707
6/10/2024,124.2232
6/11/2024,124.345
6/12/2024,124.1411
6/13/2024,124.3287
6/14/2024,124.4755
6/17/2024,124.5427
6/18/2024,124.2835
6/19/2024,
6/20/2024,124.496
6/21/2024,124.4247
6/24/2024,124.0379
6/25/2024,124.26
6/26/2024,124.5696
6/27/2024,124.6406
6/28/2024,124.5172
7/1/2024,124.7723
7/2/2024,124.608
7/3/2024,124.1096
7/4/2024,
7/5/2024,123.8192
7/8/2024,123.706
7/9/2024,123.7559
7/10/2024,123.5508
7/11/2024,123.1267
7/12/2024,122.8093
7/15/2024,123.0059
7/16/2024,123.1024
7/17/2024,122.892
7/18/2024,123.1548
7/19/2024,123.5033
7/22/2024,123.5735
7/23/2024,123.7296
7/24/2024,123.8784
7/25/2024,123.8341
7/26/2024,123.9862
7/29/2024,124.4412
7/30/2024,124.576
7/31/2024,123.9223
8/1/2024,124.1551
8/2/2024,123.7169
8/5/2024,123.7919
8/6/2024,123.8794
8/7/2024,123.8126
8/8/2024,123.6961
8/9/2024,123.1964
8/12/2024,123.4942
8/13/2024,123.2819
8/14/2024,122.7057
8/15/2024,122.8791
8/16/2024,122.6944
8/19/2024,122.1762
8/20/2024,122.0677
8/21/2024,122.1407
8/22/2024,122.6371
8/23/2024,121.7525
8/26/2024,121.9678
8/27/2024,122.1318
8/28/2024,122.1586
8/29/2024,122.4706
8/30/2024,122.5582
9/2/2024,
9/3/2024,123.0052
9/4/2024,122.7434
9/5/2024,122.6747
9/6/2024,122.7145
9/9/2024,122.9408
9/10/2024,123.2266
9/11/2024,123.0007
9/12/2024,122.684
9/13/2024,121.9128
9/16/2024,121.7684
9/17/2024,121.8724
9/18/2024,121.8295
9/19/2024,121.5773
9/20/2024,121.6673
9/23/2024,121.687
9/24/2024,121.3868
9/25/2024,121.6868
9/26/2024,121.3274
9/27/2024,121.356
9/30/2024,121.5298
10/1/2024,121.9152
10/2/2024,121.8154
10/3/2024,122.3469
10/4/2024,122.4533
10/7/2024,122.6545
10/8/2024,122.9111
10/9/2024,123.1373
10/10/2024,123.3431
10/11/2024,123.2275
10/14/2024,
10/15/2024,123.773
10/16/2024,124.1606
10/17/2024,124.3466
10/18/2024,124.1511
10/21/2024,124.7004
10/22/2024,124.6396
10/23/2024,124.9181
10/24/2024,124.743
10/25/2024,124.8418
10/28/2024,125.0385
10/29/2024,125.0952
10/30/2024,125.0444
10/31/2024,125.0247
11/1/2024,125.0403
11/4/2024,124.8168
11/5/2024,124.7803
11/6/2024,125.9311
11/7/2024,125.016
11/8/2024,125.8066
11/11/2024,
11/12/2024,126.987
11/13/2024,127.1591
11/14/2024,127.2123
11/15/2024,127.1021
11/18/2024,126.8336
11/19/2024,126.6361
11/20/2024,127.1023
11/21/2024,127.3063
11/22/2024,127.6683
11/25/2024,127.211
11/26/2024,127.6435
11/27/2024,127.0601
11/28/2024,
11/29/2024,126.8114
12/2/2024,127.3499
12/3/2024,127.1983
12/4/2024,126.9956
12/5/2024,126.6638
12/6/2024,126.9271
12/9/2024,126.8394
12/10/2024,127.1884
12/11/2024,127.095
12/12/2024,127.2039
12/13/2024,127.5569
12/16/2024,127.5235
12/17/2024,127.7565
12/18/2024,127.8936
12/19/2024,128.8598
12/20/2024,128.1411
12/23/2024,128.5356
12/24/2024,128.5651
12/25/2024,
12/26/2024,128.5679
12/27/2024,128.6972
12/30/2024,129.0474
12/31/2024,129.488
